Type,No.,Standard Price Including VAT,Offer Price Including VAT
Item,100-4,"3,285.00",690.00
Item,22-4073,378.00,245.00
Item,22-3604,365.00,273.00
Item,2-23,18.00,14.00
Item,1-176,"2,450.00","1,999.00"
Item,1-198,"2,550.00",990.00
Item,NC-AC10,"3,970.00","1,999.00"
Item,100-6,"1,645.00",345.00
Item,LCL-SH25,58.00,45.00
Item,22-4234,365.00,273.00
Item,1-177,"1,450.00",990.00
Item,1-228,"1,995.00",699.00
Item,10-212,25.00,8.00
Item,LCL-SH50,98.00,85.00
Item,1-182,"1,750.00",990.00
Item,1-235,"1,850.00",699.00
Item,10-213,12.00,4.00
Item,LCL-SHSD018,249.00,195.00
Item,1-188,"1,500.00",999.00
Item,1-225,"2,150.00",999.00
Item,10-219,40.00,12.00
Item,1-189,990.00,699.00
Item,1-113,495.00,173.00
Item,1-190,"2,650.00","1,699.00"
Item,11-14,60.00,21.00
Item,1-205,"3,882.00","2,990.00"
Item,22-3549,45.00,9.00
Item,1-114,520.00,182.00
Item,1-206,"3,185.00","2,599.00"
Item,BB8514,745.00,299.00
Item,11-224,37.00,8.00
Item,1-207,"4,750.00","2,999.00"
Item,ZB825,"12,265.00","7,999.00"
Item,11-252,35.00,8.00
Item,1-208,"4,950.00","2,999.00"
Item,ZB8484,"9,545.00","5,999.00"
Item,11-259,95.00,20.00
Item,1-215,"5,950.00","3,990.00"
Item,ZB8485,"12,500.00","7,999.00"
Item,11-260,112.00,24.00
Item,1-217,"6,000.00","4,299.00"
Item,22-2047,"1,125.00",599.00
Item,11-261,60.00,13.00
Item,1-221,"5,240.00","3,692.00"
Item,22-3418,763.00,399.00
Item,11-262,67.00,14.00
Item,1-222,"5,560.00","3,892.00"
Item,22-3419,985.00,499.00
Item,1-127,"1,015.00",599.00
Item,1-223,"5,584.00","3,692.00"
Item,22-3557,585.00,295.00
Item,11-305,285.00,60.00
Item,1-224,"6,560.00","4,999.00"
Item,22-3614,378.00,199.00
Item,11-321,70.00,15.00
Item,18-883,130.00,69.00
Item,22-2749,40.00,19.00
Item,11-326,15.00,4.00
Item,22-3745,145.00,99.00
Item,22-3174,138.00,49.00
Item,11-348,40.00,8.00
Item,22-2501,265.00,149.00
Item,22-3314,18.00,9.00
Item,11-352,20.00,4.00
Item,22-3176,198.00,129.00
Item,22-3315,20.00,11.00
Item,11-356,5.00,1.00
Item,BB8513,540.00,399.00
Item,22-3316,24.00,13.00
Item,11-358,22.00,5.00
Item,KOB8345,"1,610.00",899.00
Item,11-692,138.00,59.00
Item,11-360,22.00,5.00
Item,KOB8346,980.00,799.00
Item,11-720,148.00,49.00
Item,11-367,27.00,6.00
Item,KOB8405,"1,495.00",799.00
Item,22-4092,168.00,99.00
Item,11-368,55.00,12.00
Item,22-3571,48.00,29.00
Item,22-3370,135.00,49.00
Item,11-371,95.00,40.00
Item,22-3572,48.00,29.00
Item,22-3372,165.00,99.00
Item,11-376,25.00,6.00
Item,22-3775,34.00,15.00
Item,22-3951,76.00,39.00
Item,11-377,112.00,34.00
Item,22-3777,34.00,15.00
Item,22-2660,228.00,79.00
Item,11-378,15.00,4.00
Item,22-3876,64.00,29.00
Item,22-3085,228.00,79.00
Item,11-380,3.00,1.00
Item,30-19,186.00,94.00
Item,22-3773,695.00,199.00
Item,11-381,12.00,3.00
Item,30-23,184.00,92.00
Item,22-2052,185.00,69.00
Item,11-382,27.00,6.00
Item,30-37,379.00,192.00
Item,22-2980,178.00,129.00
Item,11-385,32.00,7.00
Item,30-38,379.00,192.00
Item,22-4001,185.00,89.00
Item,11-388,40.00,8.00
Item,30-45,317.00,157.00
Item,22-4002,185.00,89.00
Item,11-393,27.00,6.00
Item,30-46,317.00,157.00
Item,22-4003,185.00,89.00
Item,11-394,27.00,6.00
Item,30-52,148.00,75.00
Item,22-4005,185.00,89.00
Item,11-398,25.00,6.00
Item,30-62,528.00,263.00
Item,22-4007,228.00,99.00
Item,11-399,15.00,4.00
Item,30-63,528.00,263.00
Item,22-4008,228.00,99.00
Item,11-407,12.00,3.00
Item,30-64,528.00,263.00
Item,22-4009,228.00,99.00
Item,11-409,110.00,23.00
Item,30-65,548.00,279.00
Item,22-4011,228.00,99.00
Item,11-412,17.00,4.00
Item,30-67,158.00,78.00
Item,22-4012,228.00,99.00
Item,11-415,12.00,3.00
Item,22-3305,95.00,49.00
Item,22-3706,168.00,96.00
Item,11-417,2.00,1.00
Item,6-10,248.00,179.00
Item,22-2899,15.00,12.00
Item,11-419,55.00,12.00
Item,6-24,285.00,189.00
Item,LS-UP10,148.00,79.00
Item,11-420,127.00,27.00
Item,6-43,385.00,199.00
Item,LS-UP11,148.00,79.00
Item,11-423,10.00,2.00
Item,6-44,395.00,249.00
Item,LS-UP12,148.00,79.00
Item,11-424,25.00,6.00
Item,6-47,158.00,99.00
Item,LS-UP13,148.00,79.00
Item,11-428,25.00,6.00
Item,22-3226,265.00,99.00
Item,22-2444,36.00,16.00
Item,11-429,32.00,10.00
Item,22-3484,"1,285.00",599.00
Item,22-2445,36.00,16.00
Item,11-430,77.00,18.00
Item,22-3713,435.00,199.00
Item,22-2446,41.00,19.00
Item,11-431,90.00,27.00
Item,22-4174,"2,128.00","1,499.00"
Item,22-2447,41.00,19.00
Item,11-432,32.00,7.00
Item,22-3863,"5,950.00","3,499.00"
Item,7-1542,135.00,99.00
Item,11-438,12.00,3.00
Item,22-3864,"8,950.00","3,990.00"
Item,22-2633,132.00,99.00
Item,11-439,547.00,164.00
Item,22-3867,"8,550.00","4,999.00"
Item,22-3478,185.00,79.00
Item,11-444,15.00,4.00
Item,22-2372,145.00,99.00
Item,22-3479,185.00,79.00
Item,11-445,12.00,3.00
Item,22-3120,125.00,79.00
Item,22-3871,118.00,49.00
Item,11-448,312.00,94.00
Item,22-3121,135.00,89.00
Item,22-3622,58.00,29.00
Item,11-449,21.00,4.00
Item,22-3122,145.00,99.00
Item,22-3623,68.00,31.00
Item,11-450,6.00,1.00
Item,22-3286,115.00,79.00
Item,11-763,"1,324.00",599.00
Item,11-451,15.00,4.00
Item,22-3287,125.00,89.00
Item,22-2846,225.00,139.00
Item,11-452,5.00,1.00
Item,22-3288,135.00,99.00
Item,22-1825,38.00,19.00
Item,11-455,40.00,8.00
Item,22-4105,170.00,99.00
Item,22-3476,395.00,199.00
Item,11-456,20.00,6.00
Item,22-3510,115.00,69.00
Item,22-3214,285.00,129.00
Item,11-457,67.00,14.00
Item,22-40481,69.00,35.00
Item,22-2590,28.00,17.00
Item,11-458,322.00,97.00
Item,22-40482,54.00,32.00
Item,22-3657,64.00,29.00
Item,11-459,67.00,20.00
Item,22-40483,44.00,29.00
Item,18-888,885.00,199.00
Item,11-460,107.00,32.00
Item,6-20,495.00,295.00
Item,18-889,885.00,199.00
Item,11-461,10.00,2.00
Item,6-21,275.00,159.00
Item,18-891,"1,445.00",599.00
Item,11-462,32.00,7.00
Item,6-31,237.00,195.00
Item,13-46,48.00,29.00
Item,11-463,10.00,2.00
Item,22-3835,285.00,199.00
Item,13-47,48.00,29.00
Item,11-464,107.00,22.00
Item,30-33,494.00,246.00
Item,22-2854,46.00,29.00
Item,11-465,55.00,12.00
Item,22-3872,58.00,39.00
Item,22-2855,51.00,34.00
Item,11-466,110.00,23.00
Item,22-3873,44.00,29.00
Item,22-2856,56.00,39.00
Item,11-468,55.00,12.00
Item,22-3944,96.00,79.00
Item,22-3679,485.00,338.00
Item,11-469,67.00,14.00
Item,22-2466,22.00,9.00
Item,22-3684,685.00,435.00
Item,11-470,165.00,34.00
Item,22-2880,30.00,19.00
Item,22-3746,"1,585.00",999.00
Item,11-473,167.00,35.00
Item,22-3436,39.00,29.00
Item,22-3747,"1,585.00",999.00
Item,11-475,5.00,1.00
Item,22-3495,34.00,19.00
Item,22-3748,"1,585.00",999.00
Item,11-476,42.00,12.00
Item,22-3496,34.00,19.00
Item,22-3977,16.00,5.00
Item,11-480,45.00,10.00
Item,22-3727,155.00,99.00
Item,LS-TS10,182.00,99.00
Item,11-483,55.00,12.00
Item,22-3957,65.00,59.00
Item,LS-TS11,182.00,99.00
Item,11-488,282.00,85.00
Item,22-2747,20.00,9.00
Item,LS-TS12,182.00,99.00
Item,11-489,510.00,153.00
Item,22-1489,225.00,199.00
Item,LS-TS14,182.00,99.00
Item,11-491,22.00,5.00
Item,22-2834,685.00,199.00
Item,22-3292,38.00,16.00
Item,11-494,47.00,10.00
Item,22-2941,147.00,99.00
Item,22-3441,37.00,19.00
Item,11-495,5.00,2.00
Item,6-19,118.00,59.00
Item,22-3271,345.00,199.00
Item,11-497,24.00,11.00
Item,6-36,198.00,99.00
Item,22-3559,475.00,299.00
Item,11-501,90.00,19.00
Item,11-703,407.00,199.00
Item,22-3650,395.00,245.00
Item,11-503,15.00,4.00
Item,11-730,365.00,199.00
Item,26-1097,485.00,395.00
Item,11-504,27.00,6.00
Item,11-758,128.00,59.00
Item,26-1141,"4,950.00","3,695.00"
Item,11-506,47.00,10.00
Item,11-766,484.00,299.00
Item,26-1081,"5,950.00","3,495.00"
Item,11-507,15.00,4.00
Item,11-767,965.00,795.00
Item,26-1111,"4,950.00","3,695.00"
Item,11-509,55.00,12.00
Item,11-670,85.00,29.00
Item,26-1066,"5,400.00","3,695.00"
Item,11-510,240.00,72.00
Item,11-721,385.00,199.00
Item,26-1067,"4,600.00","3,695.00"
Item,11-511,452.00,108.00
Item,22-2507,258.00,99.00
Item,26-1112,"5,400.00","4,895.00"
Item,11-514,82.00,18.00
Item,22-2720,258.00,99.00
Item,26-1018,495.00,173.00
Item,11-515,15.00,4.00
Item,22-2721,258.00,99.00
Item,26-1244,320.00,245.00
Item,11-516,55.00,12.00
Item,22-2819,288.00,149.00
Item,26-1356,"2,450.00","1,495.00"
Item,11-517,42.00,9.00
Item,22-2820,288.00,149.00
Item,26-1255,780.00,425.00
Item,11-520,12.00,3.00
Item,22-4091,158.00,99.00
Item,26-1130,995.00,650.00
Item,11-524,42.00,9.00
Item,22-4093,158.00,99.00
Item,26-1362,"1,495.00",850.00
Item,11-525,70.00,15.00
Item,22-3371,175.00,99.00
Item,26-1355,"2,100.00","1,695.00"
Item,11-526,37.00,8.00
Item,22-3649,178.00,99.00
Item,26-472,850.00,695.00
Item,11-530,12.00,3.00
Item,22-2652,160.00,99.00
Item,26-1253,650.00,345.00
Item,11-531,75.00,16.00
Item,22-3725,168.00,99.00
Item,26-1065,825.00,495.00
Item,11-532,185.00,44.00
Item,22-4060,184.00,99.00
Item,26-1353,"1,995.00","1,795.00"
Item,11-533,17.00,4.00
Item,22-4061,184.00,99.00
Item,26-1526,895.00,595.00
Item,11-534,30.00,6.00
Item,22-2268,375.00,159.00
Item,26-1249,750.00,395.00
Item,11-536,18.00,4.00
Item,22-3386,265.00,149.00
Item,26-1250,365.00,295.00
Item,11-540,62.00,13.00
Item,22-3325,48.00,19.00
Item,26-1252,600.00,345.00
Item,11-543,12.00,3.00
Item,22-4004,185.00,89.00
Item,26-1245,210.00,195.00
Item,11-544,5.00,1.00
Item,22-4006,185.00,89.00
Item,26-1254,720.00,645.00
Item,11-545,32.00,7.00
Item,22-4010,228.00,99.00
Item,26-1247,450.00,345.00
Item,11-546,35.00,8.00
Item,LS-SCS10,72.00,59.00
Item,26-632,517.00,295.00
Item,11-547,81.00,17.00
Item,LS-SCS11,72.00,59.00
Item,26-24,950.00,495.00
Item,11-549,17.00,4.00
Item,22-2295,185.00,99.00
Item,26-1339,"1,150.00",895.00
Item,11-550,55.00,12.00
Item,19-411,279.00,199.00
Item,26-714,680.00,595.00
Item,11-555,97.00,20.00
Item,11-710,175.00,89.00
Item,26-461,604.00,395.00
Item,11-556,82.00,18.00
Item,11-711,148.00,89.00
Item,26-1389,640.00,495.00
Item,11-557,170.00,51.00
Item,22-3916,138.00,79.00
Item,26-1412,750.00,550.00
Item,11-560,51.00,11.00
Item,4-521,"1,338.00",999.00
Item,26-1520,"1,195.00",795.00
Item,11-564,7.00,1.00
Item,22-2757,40.00,19.00
Item,26-1517,995.00,595.00
Item,11-565,36.00,8.00
Item,22-3688,96.00,39.00
Item,26-1085,750.00,495.00
Item,11-566,7.00,1.00
Item,22-2317,198.00,79.00
Item,26-460,650.00,425.00
Item,11-567,31.00,6.00
Item,22-2318,198.00,79.00
Item,26-1413,750.00,525.00
Item,11-569,95.00,20.00
Item,22-2319,198.00,79.00
Item,26-1486,995.00,595.00
Item,1-157,"1,995.00",999.00
Item,22-2320,198.00,79.00
Item,26-491,580.00,495.00
Item,11-570,17.00,4.00
Item,22-2922,135.00,75.00
Item,26-1388,650.00,425.00
Item,11-573,36.00,8.00
Item,22-2923,135.00,75.00
Item,26-584,650.00,395.00
Item,11-576,21.00,4.00
Item,22-2924,135.00,75.00
Item,26-770,620.00,395.00
Item,11-577,27.00,6.00
Item,22-3537,245.00,99.00
Item,26-1140,"1,205.00",695.00
Item,11-580,217.00,46.00
Item,22-3707,168.00,96.00
Item,26-585,650.00,525.00
Item,11-583,7.00,2.00
Item,22-3708,168.00,96.00
Item,26-1522,"1,195.00",795.00
Item,11-584,58.00,20.00
Item,22-4306,148.00,118.00
Item,26-561,785.00,495.00
Item,11-587,7.00,2.00
Item,22-4308,148.00,118.00
Item,26-1494,"1,350.00",995.00
Item,11-588,30.00,6.00
Item,22-2897,18.00,12.00
Item,26-55,355.00,250.00
Item,11-590,6.00,1.00
Item,22-2898,15.00,12.00
Item,26-1489,950.00,595.00
Item,11-591,12.00,3.00
Item,LS-UP14,148.00,79.00
Item,26-238,585.00,495.00
Item,11-593,42.00,13.00
Item,LS-UP15,148.00,79.00
Item,26-1169,710.00,495.00
Item,11-595,145.00,30.00
Item,22-3795,58.00,25.00
Item,26-1518,995.00,550.00
Item,11-597,12.00,3.00
Item,22-3796,58.00,25.00
Item,26-1521,"1,195.00",795.00
Item,11-598,62.00,13.00
Item,22-3797,78.00,49.00
Item,26-1488,950.00,595.00
Item,11-599,7.00,1.00
Item,22-3798,78.00,49.00
Item,26-1219,545.00,395.00
Item,11-603,125.00,33.00
Item,22-3799,78.00,49.00
Item,26-383,923.00,725.00
Item,11-605,147.00,44.00
Item,22-2894,75.00,49.00
Item,26-1519,995.00,595.00
Item,11-606,345.00,120.00
Item,22-2896,48.00,28.00
Item,11-607,42.00,9.00
Item,22-3406,90.00,59.00
Item,26-635,392.00,385.00
Item,11-608,95.00,29.00
Item,22-3408,188.00,99.00
Item,26-1273,900.00,395.00
Item,11-609,107.00,22.00
Item,22-2605,186.00,119.00
Item,26-1487,950.00,595.00
Item,1-161,"1,199.00",419.00
Item,22-2606,186.00,119.00
Item,26-1490,950.00,595.00
Item,11-611,85.00,59.00
Item,22-2607,186.00,119.00
Item,26-1272,895.00,395.00
Item,11-612,30.00,6.00
Item,7-1373,38.00,13.00
Item,26-1414,650.00,525.00
Item,11-617,7.00,1.00
Item,7-1411,640.00,395.00
Item,26-60,355.00,250.00
Item,11-619,95.00,29.00
Item,7-1412,980.00,599.00
Item,26-59,355.00,250.00
Item,11-620,92.00,20.00
Item,7-1501,49.00,39.00
Item,26-159,355.00,250.00
Item,11-621,55.00,12.00
Item,22-2693,16.00,4.00
Item,26-61,850.00,395.00
Item,11-622,26.00,6.00
Item,7-1541,135.00,99.00
Item,26-1474,895.00,395.00
Item,11-624,58.00,12.00
Item,7-1464,445.00,259.00
Item,26-56,355.00,250.00
Item,11-625,28.00,8.00
Item,22-3979,974.00,499.00
Item,26-1485,850.00,495.00
Item,11-626,18.00,11.00
Item,22-2774,180.00,99.00
Item,26-444,680.00,595.00
Item,11-628,127.00,38.00
Item,22-3477,185.00,79.00
Item,26-192,355.00,255.00
Item,11-629,107.00,32.00
Item,11-760,685.00,299.00
Item,26-278,355.00,295.00
Item,11-630,210.00,63.00
Item,22-3021,499.00,399.00
Item,26-1493,"1,350.00",795.00
Item,11-631,227.00,68.00
Item,22-2792,160.00,119.00
Item,26-1216,545.00,395.00
Item,11-633,260.00,78.00
Item,22-2847,180.00,139.00
Item,26-317,355.00,295.00
Item,11-635,80.00,17.00
Item,22-2461,"1,885.00","1,399.00"
Item,11-636,152.00,45.00
Item,22-2843,"2,885.00","1,499.00"
Item,26-1217,545.00,395.00
Item,11-637,112.00,34.00
Item,22-3237,"2,785.00","1,390.00"
Item,26-219,355.00,250.00
Item,1-164,"1,960.00",999.00
Item,ZSP8527,"5,650.00","3,999.00"
Item,26-249,355.00,295.00
Item,11-641,265.00,185.00
Item,22-2336,"1,484.00",990.00
Item,11-642,47.00,14.00
Item,22-2215,395.00,199.00
Item,26-1126,70.00,35.00
Item,11-643,295.00,132.00
Item,22-3215,128.00,99.00
Item,26-1286,820.00,595.00
Item,11-647,35.00,10.00
Item,22-3216,185.00,99.00
Item,26-1287,820.00,595.00
Item,11-648,40.00,8.00
Item,7-1343,138.00,79.00
Item,26-1341,650.00,495.00
Item,11-649,97.00,43.00
Item,7-1447,118.00,59.00
Item,26-1227,"2,750.00","1,975.00"
Item,1-165,"1,465.00","1,245.00"
Item,11-713,48.00,39.00
Item,26-839,"1,173.00","1,095.00"
Item,11-650,23.00,5.00
Item,11-719,75.00,39.00
Item,11-651,40.00,8.00
Item,11-761,145.00,79.00
Item,26-1220,480.00,399.00
Item,11-652,95.00,47.00
Item,22-3005,36.00,24.00
Item,26-1344,"6,995.00","4,999.00"
Item,11-655,168.00,95.00
Item,NT-NE20247,155.00,69.00
Item,26-241,"1,782.00","1,495.00"
Item,11-656,58.00,20.00
Item,18-909,295.00,99.00
Item,11-657,21.00,5.00
Item,18-911,315.00,99.00
Item,26-1367,"1,800.00","1,560.00"
Item,11-661,360.00,252.00
Item,22-2734,530.00,299.00
Item,11-664,129.00,27.00
Item,22-2735,530.00,299.00
Item,26-274,392.00,375.00
Item,11-665,105.00,22.00
Item,22-2736,530.00,299.00
Item,26-1223,"2,250.00","1,995.00"
Item,11-667,48.00,14.00
Item,22-3852,239.00,139.00
Item,26-1080,"1,550.00",895.00
Item,11-668,110.00,50.00
Item,22-3903,365.00,299.00
Item,26-1396,"1,195.00",895.00
Item,11-669,75.00,19.00
Item,22-2104,446.00,299.00
Item,26-1558,483.00,395.00
Item,1-167,"1,022.00",599.00
Item,22-3676,485.00,338.00
Item,26-1374,"2,050.00","1,695.00"
Item,11-671,39.00,12.00
Item,22-3677,585.00,385.00
Item,26-1502,545.00,445.00
Item,11-672,24.00,6.00
Item,22-3678,685.00,435.00
Item,26-1165,325.00,195.00
Item,11-673,44.00,13.00
Item,22-3680,585.00,385.00
Item,26-1317,"4,450.00","2,995.00"
Item,11-674,44.00,13.00
Item,22-3681,685.00,435.00
Item,26-1284,"4,995.00","2,995.00"
Item,11-675,44.00,12.00
Item,22-3682,485.00,338.00
Item,26-911,240.00,50.00
Item,11-676,114.00,24.00
Item,22-3683,585.00,385.00
Item,26-823,665.00,233.00
Item,11-678,395.00,138.00
Item,22-4138,108.00,69.00
Item,11-680,"1,700.00",595.00
Item,22-4139,108.00,69.00
Item,26-1001,385.00,104.00
Item,11-682,120.00,60.00
Item,22-4140,108.00,69.00
Item,26-710,395.00,83.00
Item,11-683,128.00,45.00
Item,22-4037,468.00,299.00
Item,26-1222,695.00,595.00
Item,11-684,125.00,43.00
Item,22-3902,26.00,19.00
Item,26-150,460.00,195.00
Item,11-686,27.00,8.00
Item,LS-TS13,182.00,99.00
Item,26-1337,795.00,495.00
Item,11-689,447.00,94.00
Item,LS-TS15,182.00,99.00
Item,26-1280,950.00,695.00
Item,11-690,117.00,35.00
Item,22-2264,30.00,19.00
Item,26-1212,"1,680.00","1,295.00"
Item,11-691,195.00,59.00
Item,22-3617,35.00,19.00
Item,26-1213,"1,650.00","1,095.00"
Item,18-955,"2,900.00","1,590.00"
Item,26-23,"2,300.00","1,095.00"
Item,11-694,190.00,67.00
Item,22-3848,134.00,89.00
Item,26-1135,"2,135.00","1,295.00"
Item,11-695,99.00,39.00
Item,22-1884,19.00,12.00
Item,26-1524,"1,295.00",995.00
Item,11-699,365.00,164.00
Item,22-2209,65.00,29.00
Item,26-1525,"1,095.00",995.00
Item,1-170,575.00,201.00
Item,22-3440,41.00,15.00
Item,26-808,680.00,595.00
Item,11-704,136.00,39.00
Item,22-3918,485.00,385.00
Item,26-767,525.00,399.00
Item,11-705,188.00,99.00
Item,22-3919,574.00,395.00
Item,26-492,525.00,399.00
Item,11-707,95.00,47.00
Item,18-709,45.00,19.00
Item,26-580,590.00,395.00
Item,1-171,145.00,50.00
Item,18-946,148.00,69.00
Item,26-620,545.00,495.00
Item,11-712,325.00,227.00
Item,18-952,255.00,179.00
Item,26-1073,545.00,395.00
Item,11-715,32.00,14.00
Item,18-954,225.00,125.00
Item,26-470,820.00,595.00
Item,11-716,85.00,35.00
Item,22-4427,210.00,99.00
Item,26-1072,545.00,495.00
Item,11-717,245.00,129.00
Item,26-381,"1,030.00",595.00
Item,26-645,545.00,436.00
Item,26-1411,"1,035.00",540.00
Item,26-1477,875.00,695.00
Item,11-725,127.00,50.00
Item,26-139,"1,250.00",995.00
Item,26-202,435.00,250.00
Item,11-729,445.00,195.00
Item,26-1325,"2,975.00","1,695.00"
Item,26-83,435.00,195.00
Item,11-736,665.00,232.00
Item,26-1473,"1,650.00",895.00
Item,26-402,485.00,395.00
Item,11-737,248.00,199.00
Item,26-173,"1,030.00",880.00
Item,26-1152,525.00,395.00
Item,11-738,29.00,20.00
Item,26-443,"1,030.00",924.00
Item,26-1499,950.00,795.00
Item,11-739,65.00,47.00
Item,26-1087,"1,760.00","1,399.00"
Item,11-740,115.00,57.00
Item,26-1275,545.00,295.00
Item,11-743,115.00,40.00
Item,11-744,115.00,46.00
Item,11-754,68.00,39.00
Item,11-756,265.00,92.00
Item,11-759,128.00,100.00
Item,26-385,595.00,295.00
Item,11-762,245.00,179.00
Item,26-156,217.00,195.00
Item,26-1274,545.00,295.00
Item,11-764,195.00,159.00
Item,26-80,217.00,195.00
Item,11-765,38.00,19.00
Item,11-771,48.00,38.00
Item,11-773,278.00,195.00
Item,26-305,217.00,195.00
Item,1-178,"1,265.00",442.00
Item,26-540,600.00,395.00
Item,1-179,"1,495.00",523.00
Item,26-581,261.00,250.00
Item,1-180,"2,530.00",886.00
Item,11-800,125.00,49.00
Item,11-805,59.00,47.00
Item,26-198,217.00,195.00
Item,11-814,118.00,69.00
Item,26-87,217.00,175.00
Item,11-815,158.00,75.00
Item,26-1290,585.00,526.00
Item,11-825,38.00,23.00
Item,26-74,485.00,395.00
Item,11-828,72.00,39.00
Item,26-960,540.00,295.00
Item,11-829,86.00,45.00
Item,26-967,545.00,395.00
Item,11-830,95.00,47.00
Item,26-538,480.00,295.00
Item,11-833,85.00,61.00
Item,26-466,450.00,250.00
Item,11-846,48.00,39.00
Item,1-185,"1,250.00",438.00
Item,1-187,"1,900.00",999.00
Item,26-84,217.00,195.00
Item,1-195,145.00,58.00
Item,26-376,820.00,375.00
Item,1-197,"1,950.00","1,199.00"
Item,26-1385,995.00,565.00
Item,1-203,"1,950.00",999.00
Item,26-86,217.00,195.00
Item,1-210,205.00,71.00
Item,12-104,15.00,4.00
Item,26-95,485.00,395.00
Item,12-105,82.00,18.00
Item,26-1386,595.00,395.00
Item,12-107,35.00,11.00
Item,12-110,25.00,8.00
Item,26-374,435.00,245.00
Item,12-111,12.00,3.00
Item,1-214,"2,950.00",999.00
Item,26-206,217.00,195.00
Item,26-223,217.00,195.00
Item,1-229,"2,350.00",999.00
Item,1-236,"2,650.00","1,950.00"
Item,26-96,217.00,195.00
Item,12-47,30.00,11.00
Item,12-68,17.00,5.00
Item,26-155,217.00,46.00
Item,12-69,20.00,4.00
Item,26-148,420.00,147.00
Item,12-84,22.00,6.00
Item,26-829,"2,795.00","1,695.00"
Item,13-40,25.00,9.00
Item,26-1324,"1,350.00",675.00
Item,13-45,35.00,8.00
Item,26-131,410.00,299.00
Item,26-1056,"2,295.00","1,695.00"
Item,26-1285,"2,375.00","1,695.00"
Item,13-51,95.00,38.00
Item,26-319,545.00,395.00
Item,13-52,12.00,10.00
Item,26-318,545.00,325.00
Item,13-53,95.00,38.00
Item,26-226,217.00,195.00
Item,14-67,6.00,1.00
Item,26-759,720.00,648.00
Item,14-68,6.00,1.00
Item,26-1208,365.00,295.00
Item,14-69,6.00,2.00
Item,26-1022,425.00,395.00
Item,14-72,35.00,11.00
Item,26-709,175.00,95.00
Item,14-75,7.00,2.00
Item,26-1398,950.00,695.00
Item,14-76,6.00,2.00
Item,26-1150,"2,450.00","1,595.00"
Item,14-79,195.00,156.00
Item,26-1576,498.00,395.00
Item,1-64,"1,650.00",999.00
Item,26-1372,"5,650.00","3,095.00"
Item,16-56,140.00,29.00
Item,26-1420,"7,850.00","5,995.00"
Item,16-58,42.00,9.00
Item,26-1027,"10,350.00","5,250.00"
Item,16-60,20.00,6.00
Item,26-1202,"4,950.00","3,995.00"
Item,16-63,67.00,20.00
Item,26-1026,"4,495.00","1,573.00"
Item,16-64,5.00,1.00
Item,26-1283,"2,995.00","1,895.00"
Item,16-65,160.00,34.00
Item,26-1445,"1,995.00","1,795.00"
Item,16-67,14.00,4.00
Item,26-1364,"3,200.00","2,495.00"
Item,16-68,30.00,9.00
Item,26-830,485.00,395.00
Item,16-69,12.00,7.00
Item,99-990,85.00,54.00
Item,16-73,110.00,49.00
Item,26-782,780.00,695.00
Item,16-74,37.00,11.00
Item,26-384,998.00,795.00
Item,1-69,680.00,204.00
Item,26-1170,898.00,795.00
Item,18-212,42.00,19.00
Item,26-1612,965.00,795.00
Item,18-283,95.00,20.00
Item,26-1495,950.00,760.00
Item,18-429,9.00,2.00
Item,26-1610,"1,295.00","1,165.00"
Item,18-450,5.00,1.00
Item,26-1368,"2,300.00","1,288.00"
Item,18-461,7.00,1.00
Item,26-1366,335.00,295.00
Item,18-567,11.00,3.00
Item,26-1632,895.00,595.00
Item,18-584,12.00,3.00
Item,26-1631,895.00,795.00
Item,18-593,115.00,24.00
Item,26-623,780.00,702.00
Item,18-625,15.00,5.00
Item,26-797,585.00,526.00
Item,18-644,7.00,5.00
Item,26-629,"2,100.00","1,680.00"
Item,18-648,9.00,3.00
Item,26-1178,"5,450.00","3,995.00"
Item,18-653,197.00,41.00
Item,26-1209,597.00,495.00
Item,18-658,2.00,1.00
Item,18-659,17.00,4.00
Item,18-661,125.00,38.00
Item,18-662,197.00,59.00
Item,18-669,10.00,2.00
Item,18-670,10.00,2.00
Item,18-676,15.00,4.00
Item,18-682,67.00,14.00
Item,18-691,132.00,27.00
Item,18-693,99.00,49.00
Item,18-694,110.00,55.00
Item,18-695,15.00,5.00
Item,18-697,20.00,6.00
Item,18-705,82.00,18.00
Item,18-706,51.00,14.00
Item,18-712,159.00,33.00
Item,18-713,17.00,5.00
Item,18-717,55.00,12.00
Item,18-719,31.00,9.00
Item,18-720,22.00,7.00
Item,18-721,42.00,13.00
Item,18-722,10.00,3.00
Item,18-723,105.00,22.00
Item,18-725,30.00,9.00
Item,18-728,20.00,5.00
Item,18-729,47.00,14.00
Item,18-733,32.00,8.00
Item,18-734,12.00,3.00
Item,18-740,20.00,6.00
Item,18-741,32.00,7.00
Item,18-759,10.00,2.00
Item,18-760,58.00,38.00
Item,18-762,25.00,8.00
Item,18-763,32.00,10.00
Item,18-767,82.00,18.00
Item,18-768,140.00,42.00
Item,18-788,50.00,11.00
Item,18-789,35.00,8.00
Item,18-790,12.00,3.00
Item,18-794,20.00,6.00
Item,18-798,12.00,4.00
Item,18-801,17.00,4.00
Item,18-802,20.00,4.00
Item,18-805,30.00,9.00
Item,18-806,20.00,5.00
Item,18-807,95.00,20.00
Item,18-816,22.00,5.00
Item,18-817,40.00,8.00
Item,18-818,48.00,8.00
Item,18-819,48.00,13.00
Item,18-820,47.00,10.00
Item,18-825,245.00,154.00
Item,18-829,25.00,6.00
Item,18-830,75.00,16.00
Item,18-833,62.00,15.00
Item,18-834,32.00,10.00
Item,18-835,20.00,6.00
Item,18-836,10.00,3.00
Item,18-842,11.00,3.00
Item,18-843,9.00,3.00
Item,18-848,47.00,10.00
Item,18-850,55.00,17.00
Item,18-851,82.00,25.00
Item,18-853,125.00,38.00
Item,18-855,87.00,26.00
Item,18-862,267.00,56.00
Item,18-864,114.00,24.00
Item,18-865,114.00,24.00
Item,18-867,66.00,18.00
Item,18-868,96.00,29.00
Item,18-871,134.00,69.00
Item,18-872,39.00,12.00
Item,18-878,180.00,54.00
Item,18-882,132.00,99.00
Item,18-885,310.00,109.00
Item,18-892,650.00,228.00
Item,18-893,95.00,47.00
Item,18-896,20.00,16.00
Item,18-900,225.00,39.00
Item,18-901,185.00,39.00
Item,18-902,195.00,39.00
Item,18-903,195.00,39.00
Item,18-905,210.00,39.00
Item,18-906,254.00,39.00
Item,18-910,255.00,89.00
Item,18-912,385.00,174.00
Item,18-913,"1,385.00",699.00
Item,18-914,885.00,379.00
Item,18-919,145.00,49.00
Item,18-920,191.00,119.00
Item,18-921,145.00,69.00
Item,18-922,95.00,59.00
Item,18-923,275.00,129.00
Item,18-933,"1,485.00",594.00
Item,18-935,48.00,19.00
Item,18-936,45.00,19.00
Item,18-937,46.00,19.00
Item,18-942,68.00,49.00
Item,18-947,885.00,499.00
Item,18-948,148.00,99.00
Item,18-949,185.00,81.00
Item,18-950,245.00,139.00
Item,18-951,285.00,149.00
Item,18-959,226.00,95.00
Item,18-960,178.00,79.00
Item,18-978,46.00,26.00
Item,19-160,8.00,2.00
Item,19-242,22.00,5.00
Item,19-328,7.00,1.00
Item,19-337,15.00,4.00
Item,19-340,5.00,1.00
Item,19-344,52.00,18.00
Item,19-347,37.00,8.00
Item,19-351,10.00,2.00
Item,19-352,12.00,3.00
Item,19-363,15.00,4.00
Item,19-367,40.00,10.00
Item,19-374,15.00,5.00
Item,19-375,15.00,5.00
Item,19-376,23.00,6.00
Item,19-378,17.00,5.00
Item,19-381,32.00,10.00
Item,19-382,11.00,3.00
Item,19-383,15.00,4.00
Item,19-384,9.00,3.00
Item,19-385,14.00,3.00
Item,19-386,7.00,2.00
Item,19-387,12.00,4.00
Item,19-388,42.00,21.00
Item,19-389,15.00,5.00
Item,19-390,22.00,7.00
Item,19-391,96.00,29.00
Item,19-394,160.00,56.00
Item,19-408,24.00,14.00
Item,19-42,20.00,6.00
Item,2-11,26.00,22.00
Item,22-1014,95.00,20.00
Item,22-1015,72.00,15.00
Item,22-1019,10.00,2.00
Item,22-1026,55.00,20.00
Item,22-1031,95.00,20.00
Item,22-1042,82.00,18.00
Item,22-1043,15.00,4.00
Item,22-1056,20.00,6.00
Item,22-1062,20.00,4.00
Item,22-1067,37.00,24.00
Item,22-1068,85.00,26.00
Item,22-1070,22.00,9.00
Item,22-1072,70.00,15.00
Item,22-1087,190.00,57.00
Item,22-1088,22.00,16.00
Item,22-1090,22.00,5.00
Item,22-1094,6.00,1.00
Item,22-1096,22.00,5.00
Item,22-1099,10.00,3.00
Item,22-1103,7.00,2.00
Item,22-1110,35.00,8.00
Item,22-1119,45.00,36.00
Item,22-1124,140.00,42.00
Item,22-1127,"1,065.00",223.00
Item,22-1128,615.00,129.00
Item,22-1131,98.00,69.00
Item,22-1143,12.00,4.00
Item,22-1144,38.00,15.00
Item,22-1145,17.00,5.00
Item,22-1146,42.00,9.00
Item,22-1152,"4,312.00",905.00
Item,22-1157,12.00,3.00
Item,22-1168,5.00,1.00
Item,22-1170,52.00,11.00
Item,22-1174,175.00,99.00
Item,22-1183,125.00,49.00
Item,22-1184,35.00,8.00
Item,22-1186,10.00,2.00
Item,22-1187,70.00,21.00
Item,22-1196,37.00,8.00
Item,22-1202,12.00,3.00
Item,22-1203,32.00,7.00
Item,22-1204,32.00,7.00
Item,22-1205,32.00,7.00
Item,22-1206,32.00,7.00
Item,22-1207,5.00,1.00
Item,22-1208,35.00,8.00
Item,22-1209,16.00,6.00
Item,22-1210,20.00,10.00
Item,22-1220,5.00,1.00
Item,22-1224,62.00,13.00
Item,22-1234,72.00,22.00
Item,22-1235,42.00,9.00
Item,22-1241,17.00,4.00
Item,22-1243,10.00,3.00
Item,22-1247,35.00,8.00
Item,22-1254,7.00,3.00
Item,22-1255,10.00,4.00
Item,22-1257,12.00,3.00
Item,22-1258,"1,377.00",289.00
Item,22-1262,7.00,2.00
Item,22-1270,47.00,10.00
Item,22-1272,60.00,13.00
Item,22-1273,62.00,13.00
Item,22-1276,82.00,18.00
Item,22-1288,10.00,4.00
Item,22-1289,72.00,22.00
Item,22-1293,17.00,6.00
Item,22-1299,55.00,12.00
Item,22-1310,17.00,6.00
Item,22-1311,107.00,32.00
Item,22-1313,15.00,4.00
Item,22-1316,22.00,5.00
Item,22-1318,10.00,2.00
Item,22-1319,12.00,3.00
Item,22-1321,15.00,4.00
Item,22-1323,170.00,36.00
Item,22-1324,300.00,63.00
Item,22-1325,5.00,2.00
Item,22-1329,40.00,20.00
Item,22-1330,5.00,1.00
Item,22-1331,10.00,2.00
Item,22-1332,5.00,2.00
Item,22-1333,7.00,2.00
Item,22-1334,10.00,2.00
Item,22-1335,10.00,2.00
Item,22-1336,5.00,1.00
Item,22-1337,9.00,2.00
Item,22-1339,25.00,6.00
Item,22-1350,275.00,57.00
Item,22-1351,275.00,57.00
Item,22-1352,275.00,57.00
Item,22-1353,275.00,57.00
Item,22-1355,"1,352.00",405.00
Item,22-1366,72.00,25.00
Item,22-1372,37.00,9.00
Item,22-1374,24.00,5.00
Item,22-1376,77.00,16.00
Item,22-1377,15.00,4.00
Item,22-1382,15.00,5.00
Item,22-1385,47.00,10.00
Item,22-1391,402.00,84.00
Item,22-1395,750.00,158.00
Item,22-1396,77.00,18.00
Item,22-1397,52.00,14.00
Item,22-1403,102.00,22.00
Item,22-1411,100.00,30.00
Item,22-1412,62.00,13.00
Item,22-1414,95.00,23.00
Item,22-1415,42.00,9.00
Item,22-1416,15.00,6.00
Item,22-1419,32.00,7.00
Item,22-1420,395.00,195.00
Item,22-1423,42.00,12.00
Item,22-1427,35.00,8.00
Item,22-1428,55.00,12.00
Item,22-1429,42.00,10.00
Item,22-1430,10.00,2.00
Item,22-1431,24.00,5.00
Item,22-1433,25.00,6.00
Item,22-1436,127.00,27.00
Item,22-1437,217.00,46.00
Item,22-1438,22.00,5.00
Item,22-1443,22.00,5.00
Item,22-1446,22.00,6.00
Item,22-1448,5.00,1.00
Item,22-1449,102.00,22.00
Item,22-1450,9.00,2.00
Item,22-1451,5.00,1.00
Item,22-1453,20.00,4.00
Item,22-1457,95.00,20.00
Item,22-1463,62.00,19.00
Item,22-1464,55.00,15.00
Item,22-1465,10.00,2.00
Item,22-1466,112.00,24.00
Item,22-1471,6.00,1.00
Item,22-1473,10.00,2.00
Item,22-1475,25.00,8.00
Item,22-1479,231.00,116.00
Item,22-1488,255.00,89.00
Item,22-1494,22.00,5.00
Item,22-1508,22.00,5.00
Item,22-1510,17.00,4.00
Item,22-1514,227.00,48.00
Item,22-1515,122.00,25.00
Item,22-1517,5.00,2.00
Item,22-1518,15.00,5.00
Item,22-1519,172.00,60.00
Item,22-1521,212.00,64.00
Item,22-1524,47.00,14.00
Item,22-1525,95.00,23.00
Item,22-1527,570.00,120.00
Item,22-1528,35.00,8.00
Item,22-1533,15.00,5.00
Item,22-1536,21.00,4.00
Item,22-1538,400.00,108.00
Item,22-1540,37.00,13.00
Item,22-1542,7.00,1.00
Item,22-1544,87.00,18.00
Item,22-1545,17.00,4.00
Item,22-1547,22.00,5.00
Item,22-1550,15.00,5.00
Item,22-1552,37.00,8.00
Item,22-1553,202.00,42.00
Item,22-1563,82.00,20.00
Item,22-1564,40.00,8.00
Item,22-1567,20.00,5.00
Item,22-1570,70.00,15.00
Item,22-1577,447.00,94.00
Item,22-1580,127.00,38.00
Item,22-1581,15.00,5.00
Item,22-1582,55.00,12.00
Item,22-1586,95.00,29.00
Item,22-1588,15.00,4.00
Item,22-1589,20.00,5.00
Item,22-1590,17.00,5.00
Item,22-1594,7.00,2.00
Item,22-1596,140.00,29.00
Item,22-1597,12.00,3.00
Item,22-1598,55.00,12.00
Item,22-1599,77.00,16.00
Item,22-1600,287.00,60.00
Item,22-1601,114.00,24.00
Item,22-1604,17.00,5.00
Item,22-1605,15.00,6.00
Item,22-1607,22.00,5.00
Item,22-1610,40.00,14.00
Item,22-1616,100.00,30.00
Item,22-1618,18.00,5.00
Item,22-1620,30.00,9.00
Item,22-1621,115.00,35.00
Item,22-1623,425.00,89.00
Item,22-1624,75.00,23.00
Item,22-1629,229.00,183.00
Item,22-1630,485.00,169.00
Item,22-1632,730.00,175.00
Item,22-1635,132.00,99.00
Item,22-1644,152.00,41.00
Item,22-1646,15.00,4.00
Item,22-1647,20.00,4.00
Item,22-1648,28.00,19.00
Item,22-1652,47.00,24.00
Item,22-1653,107.00,29.00
Item,22-1655,55.00,12.00
Item,22-1657,35.00,8.00
Item,22-1660,15.00,4.00
Item,22-1661,22.00,6.00
Item,22-1662,20.00,4.00
Item,22-1663,9.00,2.00
Item,22-1664,17.00,4.00
Item,22-1669,62.00,13.00
Item,22-1673,90.00,19.00
Item,22-1675,32.00,7.00
Item,22-1676,55.00,20.00
Item,22-1679,23.00,7.00
Item,22-1680,22.00,7.00
Item,22-1681,122.00,36.00
Item,22-1685,112.00,34.00
Item,22-1687,140.00,70.00
Item,22-1689,110.00,23.00
Item,22-1690,102.00,35.00
Item,22-1691,920.00,193.00
Item,22-1694,110.00,33.00
Item,22-1695,34.00,10.00
Item,22-1697,30.00,9.00
Item,22-1698,15.00,4.00
Item,22-1699,75.00,16.00
Item,22-1702,15.00,5.00
Item,22-1707,20.00,7.00
Item,22-1724,375.00,78.00
Item,22-1725,547.00,115.00
Item,22-1726,5.00,1.00
Item,22-1727,12.00,4.00
Item,22-1731,52.00,11.00
Item,22-1732,37.00,9.00
Item,22-1733,40.00,12.00
Item,22-1737,55.00,12.00
Item,22-1745,72.00,22.00
Item,22-1749,8.00,2.00
Item,22-1752,18.00,5.00
Item,22-1753,6.00,2.00
Item,22-1755,102.00,31.00
Item,22-1759,40.00,8.00
Item,22-1760,12.00,3.00
Item,22-1763,42.00,13.00
Item,22-1766,22.00,7.00
Item,22-1767,25.00,6.00
Item,22-1772,5.00,1.00
Item,22-1774,15.00,4.00
Item,22-1775,17.00,4.00
Item,22-1776,25.00,9.00
Item,22-1779,62.00,19.00
Item,22-1780,42.00,13.00
Item,22-1782,5.00,2.00
Item,22-1783,5.00,2.00
Item,22-1784,185.00,39.00
Item,22-1785,15.00,5.00
Item,22-1788,197.00,41.00
Item,22-1793,112.00,24.00
Item,22-1795,5.00,2.00
Item,22-1796,42.00,13.00
Item,22-1797,15.00,5.00
Item,22-1798,62.00,13.00
Item,22-1799,5.00,2.00
Item,22-1801,2.00,1.00
Item,22-1804,6.00,2.00
Item,22-1806,18.00,6.00
Item,22-1808,56.00,24.00
Item,22-1812,30.00,6.00
Item,22-1813,39.00,8.00
Item,22-1815,48.00,10.00
Item,22-1816,51.00,11.00
Item,22-1817,140.00,29.00
Item,22-1819,145.00,44.00
Item,22-1820,107.00,32.00
Item,22-1821,40.00,34.00
Item,22-1823,18.00,5.00
Item,22-1824,72.00,20.00
Item,22-1826,197.00,41.00
Item,22-1828,82.00,18.00
Item,22-1829,49.00,26.00
Item,22-1836,22.00,5.00
Item,22-1840,12.00,3.00
Item,22-1842,5.00,1.00
Item,22-1843,22.00,5.00
Item,22-1845,455.00,159.00
Item,22-1847,77.00,23.00
Item,22-1848,335.00,199.00
Item,22-1849,20.00,4.00
Item,22-1850,114.00,34.00
Item,22-1853,20.00,4.00
Item,22-1854,22.00,5.00
Item,22-1855,148.00,40.00
Item,22-1856,7.00,2.00
Item,22-1857,5.00,1.00
Item,22-1859,7.00,2.00
Item,22-1861,35.00,13.00
Item,22-1863,248.00,124.00
Item,22-1864,325.00,162.00
Item,22-1870,7.00,2.00
Item,22-1876,5.00,2.00
Item,22-1877,16.00,5.00
Item,22-1880,5.00,1.00
Item,22-1885,5.00,2.00
Item,22-1886,4.00,1.00
Item,22-1887,9.00,3.00
Item,22-1889,47.00,11.00
Item,22-1890,22.00,5.00
Item,22-1893,25.00,10.00
Item,22-1896,22.00,7.00
Item,22-1902,45.00,14.00
Item,22-1903,42.00,10.00
Item,22-1904,22.00,6.00
Item,22-1906,37.00,8.00
Item,22-1907,57.00,18.00
Item,22-1919,72.00,15.00
Item,22-1920,20.00,4.00
Item,22-1921,10.00,3.00
Item,22-1922,8.00,2.00
Item,22-1929,112.00,24.00
Item,22-1930,30.00,6.00
Item,22-1931,12.00,3.00
Item,22-1933,36.00,11.00
Item,22-1934,22.00,5.00
Item,22-1935,10.00,3.00
Item,22-1936,62.00,13.00
Item,22-1940,15.00,4.00
Item,22-1941,40.00,12.00
Item,22-1943,5.00,2.00
Item,22-1944,140.00,29.00
Item,22-1945,10.00,2.00
Item,22-1948,12.00,4.00
Item,22-1949,22.00,7.00
Item,22-1950,22.00,6.00
Item,22-1951,32.00,10.00
Item,22-1953,275.00,57.00
Item,22-1957,2.00,1.00
Item,22-1958,3.00,1.00
Item,22-1959,55.00,12.00
Item,22-196,10.00,2.00
Item,22-1962,72.00,15.00
Item,22-1964,35.00,11.00
Item,22-1965,32.00,7.00
Item,22-1969,10.00,3.00
Item,22-197,188.00,105.00
Item,22-1970,22.00,7.00
Item,22-1972,9.00,3.00
Item,22-1974,114.00,24.00
Item,22-1975,107.00,32.00
Item,22-1976,110.00,33.00
Item,22-1980,38.00,15.00
Item,22-1981,34.00,17.00
Item,22-1985,60.00,18.00
Item,22-1986,188.00,149.00
Item,22-1989,67.00,14.00
Item,22-1990,57.00,12.00
Item,22-1991,87.00,18.00
Item,22-1995,18.00,5.00
Item,22-2005,956.00,699.00
Item,22-2013,55.00,12.00
Item,22-2015,7.00,2.00
Item,22-2020,30.00,9.00
Item,22-2021,85.00,53.00
Item,22-2022,15.00,5.00
Item,22-2024,25.00,11.00
Item,22-2025,40.00,8.00
Item,22-2026,17.00,4.00
Item,22-203,54.00,19.00
Item,22-2032,21.00,4.00
Item,22-2033,27.00,6.00
Item,22-2034,20.00,6.00
Item,22-2039,20.00,6.00
Item,22-204,162.00,57.00
Item,22-2041,10.00,2.00
Item,22-2042,10.00,2.00
Item,22-2045,565.00,399.00
Item,22-2046,192.00,40.00
Item,22-2048,392.00,117.00
Item,22-205,45.00,10.00
Item,22-2053,245.00,165.00
Item,22-2056,79.00,29.00
Item,22-2057,69.00,29.00
Item,22-2058,10.00,2.00
Item,22-2061,22.00,7.00
Item,22-2062,594.00,125.00
Item,22-2063,57.00,12.00
Item,22-2064,657.00,197.00
Item,22-2065,726.00,218.00
Item,22-2066,30.00,12.00
Item,22-2067,85.00,26.00
Item,22-2068,480.00,168.00
Item,22-2070,207.00,43.00
Item,22-2071,45.00,14.00
Item,22-2072,168.00,67.00
Item,22-2073,68.00,34.00
Item,22-2074,165.00,99.00
Item,22-2076,38.00,19.00
Item,22-2078,18.00,5.00
Item,22-2080,36.00,11.00
Item,22-2081,5.00,2.00
Item,22-2083,51.00,11.00
Item,22-2084,28.00,11.00
Item,22-2085,28.00,8.00
Item,22-2086,2.00,1.00
Item,22-2087,80.00,17.00
Item,22-2093,112.00,34.00
Item,22-2095,108.00,32.00
Item,22-2097,23.00,7.00
Item,22-2098,32.00,7.00
Item,22-2101,5.00,1.00
Item,22-2102,276.00,149.00
Item,22-2103,361.00,199.00
Item,22-2105,47.00,16.00
Item,22-2106,66.00,30.00
Item,22-2107,9.00,2.00
Item,22-2120,33.00,7.00
Item,22-2121,62.00,29.00
Item,22-2126,27.00,8.00
Item,22-2127,405.00,223.00
Item,22-2132,56.00,28.00
Item,22-2133,150.00,32.00
Item,22-2136,8.00,3.00
Item,22-214,40.00,16.00
Item,22-2141,158.00,119.00
Item,22-2142,80.00,39.00
Item,22-2144,15.00,5.00
Item,22-2149,625.00,131.00
Item,22-2152,39.00,12.00
Item,22-2154,57.00,17.00
Item,22-2160,95.00,20.00
Item,22-2161,135.00,28.00
Item,22-2163,135.00,28.00
Item,22-2164,152.00,32.00
Item,22-2165,130.00,75.00
Item,22-2166,150.00,91.00
Item,22-2167,165.00,115.00
Item,22-2169,98.00,68.00
Item,22-2170,18.00,4.00
Item,22-2171,28.00,8.00
Item,22-2173,5.00,1.00
Item,22-2174,5.00,2.00
Item,22-2176,48.00,19.00
Item,22-2178,39.00,12.00
Item,22-2180,48.00,39.00
Item,22-2182,75.00,23.00
Item,22-2183,42.00,12.00
Item,22-2185,15.00,5.00
Item,22-2187,145.00,51.00
Item,22-2188,165.00,76.00
Item,22-2192,20.00,6.00
Item,22-2198,140.00,49.00
Item,22-2199,168.00,35.00
Item,22-2200,87.00,26.00
Item,22-2201,33.00,10.00
Item,22-2203,43.00,13.00
Item,22-2204,18.00,5.00
Item,22-2205,18.00,5.00
Item,22-2207,42.00,13.00
Item,22-2208,145.00,50.00
Item,22-2210,21.00,6.00
Item,22-2212,45.00,14.00
Item,22-2213,51.00,15.00
Item,22-2217,27.00,8.00
Item,22-2218,47.00,13.00
Item,22-2222,30.00,9.00
Item,22-2223,39.00,11.00
Item,22-2224,45.00,36.00
Item,22-2225,51.00,11.00
Item,22-2226,85.00,34.00
Item,22-2227,9.00,2.00
Item,22-2228,45.00,15.00
Item,22-2235,129.00,39.00
Item,22-2239,49.00,15.00
Item,22-2241,99.00,30.00
Item,22-2242,84.00,18.00
Item,22-2249,84.00,25.00
Item,22-2250,170.00,60.00
Item,22-2251,210.00,74.00
Item,22-2252,10.00,2.00
Item,22-2257,9.00,3.00
Item,22-2260,66.00,20.00
Item,22-2262,"2,430.00","1,899.00"
Item,22-2267,62.00,49.00
Item,22-2269,25.00,8.00
Item,22-2270,17.00,7.00
Item,22-2272,22.00,11.00
Item,22-2273,39.00,10.00
Item,22-2275,657.00,138.00
Item,22-2276,38.00,19.00
Item,22-2278,"1,140.00",239.00
Item,22-2280,45.00,40.00
Item,22-2284,10.00,5.00
Item,22-2285,15.00,5.00
Item,22-2286,18.00,5.00
Item,22-2287,4.00,1.00
Item,22-2290,28.00,17.00
Item,22-2291,66.00,18.00
Item,22-2292,6.00,2.00
Item,22-2293,6.00,2.00
Item,22-2296,30.00,11.00
Item,22-2300,23.00,9.00
Item,22-2301,18.00,5.00
Item,22-2302,40.00,20.00
Item,22-2303,16.00,5.00
Item,22-2304,18.00,5.00
Item,22-2305,25.00,8.00
Item,22-2306,28.00,14.00
Item,22-2307,75.00,16.00
Item,22-2310,108.00,22.00
Item,22-2311,435.00,245.00
Item,22-2312,178.00,99.00
Item,22-2314,6.00,1.00
Item,22-2315,45.00,14.00
Item,22-2316,198.00,79.00
Item,22-2321,245.00,108.00
Item,22-2322,325.00,149.00
Item,22-2325,198.00,79.00
Item,22-2326,175.00,49.00
Item,22-2331,200.00,90.00
Item,22-2333,52.00,42.00
Item,22-2337,"1,968.00",590.00
Item,22-2341,187.00,93.00
Item,22-2346,759.00,204.00
Item,22-2347,49.00,11.00
Item,22-2349,14.00,9.00
Item,22-2350,16.00,8.00
Item,22-2351,25.00,12.00
Item,22-2352,34.00,16.00
Item,22-2354,180.00,38.00
Item,22-2357,27.00,8.00
Item,22-2360,140.00,49.00
Item,22-2361,48.00,33.00
Item,22-2363,39.00,12.00
Item,22-2366,75.00,34.00
Item,22-2367,115.00,92.00
Item,22-2373,52.00,13.00
Item,22-2374,39.00,8.00
Item,22-2378,192.00,99.00
Item,22-2379,517.00,465.00
Item,22-2380,575.00,201.00
Item,22-2381,23.00,7.00
Item,22-2383,165.00,34.00
Item,22-2386,110.00,39.00
Item,22-2388,198.00,59.00
Item,22-2389,375.00,113.00
Item,22-2390,468.00,112.00
Item,22-2391,55.00,17.00
Item,22-2392,30.00,25.00
Item,22-2394,27.00,6.00
Item,22-2395,30.00,27.00
Item,22-2397,30.00,27.00
Item,22-2398,30.00,27.00
Item,22-2399,35.00,27.00
Item,22-2404,78.00,29.00
Item,22-2416,9.00,3.00
Item,22-2417,110.00,59.00
Item,22-2418,135.00,60.00
Item,22-2420,95.00,29.00
Item,22-2423,9.00,3.00
Item,22-2425,15.00,5.00
Item,22-2430,90.00,27.00
Item,22-2433,215.00,45.00
Item,22-2435,25.00,15.00
Item,22-2436,25.00,15.00
Item,22-2438,29.00,17.00
Item,22-2439,29.00,16.00
Item,22-2440,29.00,17.00
Item,22-2441,34.00,20.00
Item,22-2442,34.00,20.00
Item,22-2443,34.00,20.00
Item,22-2448,66.00,33.00
Item,22-2449,17.00,4.00
Item,22-2450,20.00,4.00
Item,22-2453,15.00,5.00
Item,22-2454,78.00,23.00
Item,22-2456,158.00,47.00
Item,22-2458,12.00,10.00
Item,22-2459,24.00,7.00
Item,22-2462,"2,250.00",675.00
Item,22-2465,"2,450.00",735.00
Item,22-2467,12.00,3.00
Item,22-2468,135.00,28.00
Item,22-2469,80.00,17.00
Item,22-2472,97.00,29.00
Item,22-2473,108.00,32.00
Item,22-2474,128.00,34.00
Item,22-2475,80.00,28.00
Item,22-2479,32.00,16.00
Item,22-2483,15.00,5.00
Item,22-2484,10.00,4.00
Item,22-2488,85.00,26.00
Item,22-2490,5.00,1.00
Item,22-2498,285.00,114.00
Item,22-2500,162.00,65.00
Item,22-2502,245.00,74.00
Item,22-2503,50.00,15.00
Item,22-2505,150.00,75.00
Item,22-2506,160.00,34.00
Item,22-2508,845.00,249.00
Item,22-2510,295.00,195.00
Item,22-2512,25.00,8.00
Item,22-2513,25.00,8.00
Item,22-2514,25.00,8.00
Item,22-2515,42.00,13.00
Item,22-2516,64.00,29.00
Item,22-2517,30.00,15.00
Item,22-2520,46.00,14.00
Item,22-2522,32.00,10.00
Item,22-2523,35.00,11.00
Item,22-2533,120.00,25.00
Item,22-2539,25.00,8.00
Item,22-2541,85.00,26.00
Item,22-2542,75.00,23.00
Item,22-2546,29.00,9.00
Item,22-2551,145.00,30.00
Item,22-2553,275.00,57.00
Item,22-2554,29.00,9.00
Item,22-2556,15.00,5.00
Item,22-2557,58.00,28.00
Item,22-2558,15.00,5.00
Item,22-2572,215.00,51.00
Item,22-2574,10.00,3.00
Item,22-2575,166.00,50.00
Item,22-2580,275.00,83.00
Item,22-2581,295.00,89.00
Item,22-2583,11.00,3.00
Item,22-2584,12.00,5.00
Item,22-2585,23.00,18.00
Item,22-2586,5.00,4.00
Item,22-2588,38.00,17.00
Item,22-2589,58.00,20.00
Item,22-2591,64.00,39.00
Item,22-2594,15.00,5.00
Item,22-2595,32.00,24.00
Item,22-2596,48.00,29.00
Item,22-2599,340.00,102.00
Item,22-2608,295.00,89.00
Item,22-2609,32.00,10.00
Item,22-2611,32.00,16.00
Item,22-2613,10.00,3.00
Item,22-2614,210.00,63.00
Item,22-2615,285.00,142.00
Item,22-2616,60.00,21.00
Item,22-2617,12.00,5.00
Item,22-2618,12.00,5.00
Item,22-2619,10.00,3.00
Item,22-2620,10.00,4.00
Item,22-2624,14.00,5.00
Item,22-2626,24.00,12.00
Item,22-2629,155.00,119.00
Item,22-2630,196.00,139.00
Item,22-2631,15.00,5.00
Item,22-2636,98.00,29.00
Item,22-2638,138.00,48.00
Item,22-2639,20.00,10.00
Item,22-2640,15.00,10.00
Item,22-2642,18.00,5.00
Item,22-2644,45.00,19.00
Item,22-2645,48.00,35.00
Item,22-2647,240.00,84.00
Item,22-2648,98.00,29.00
Item,22-2649,112.00,34.00
Item,22-2650,79.00,59.00
Item,22-2651,88.00,59.00
Item,22-2653,98.00,29.00
Item,22-2654,19.00,9.00
Item,22-2656,39.00,12.00
Item,22-2657,30.00,14.00
Item,22-2658,95.00,49.00
Item,22-2661,205.00,71.00
Item,22-2665,9.00,5.00
Item,22-2666,45.00,22.00
Item,22-2668,115.00,19.00
Item,22-2670,130.00,46.00
Item,22-2671,160.00,80.00
Item,22-2672,595.00,208.00
Item,22-2673,40.00,16.00
Item,22-2674,40.00,19.00
Item,22-2676,118.00,35.00
Item,22-2677,65.00,20.00
Item,22-2679,145.00,63.00
Item,22-2682,120.00,36.00
Item,22-2683,118.00,35.00
Item,22-2685,145.00,72.00
Item,22-2686,138.00,41.00
Item,22-2694,17.00,6.00
Item,22-2695,18.00,5.00
Item,22-2696,40.00,12.00
Item,22-2697,22.00,11.00
Item,22-2698,17.00,7.00
Item,22-2699,13.00,5.00
Item,22-2700,20.00,9.00
Item,22-2701,18.00,7.00
Item,22-2702,36.00,14.00
Item,22-2705,180.00,54.00
Item,22-2706,195.00,97.00
Item,22-2707,243.00,97.00
Item,22-2708,28.00,12.00
Item,22-2709,38.00,13.00
Item,22-2711,24.00,8.00
Item,22-2712,118.00,35.00
Item,22-2713,138.00,41.00
Item,22-2714,54.00,16.00
Item,22-2715,65.00,20.00
Item,22-2719,50.00,15.00
Item,22-2722,12.00,4.00
Item,22-2723,12.00,4.00
Item,22-2724,10.00,4.00
Item,22-2725,10.00,4.00
Item,22-2726,160.00,56.00
Item,22-2731,420.00,147.00
Item,22-2732,420.00,147.00
Item,22-2733,420.00,147.00
Item,22-2737,445.00,249.00
Item,22-2738,445.00,299.00
Item,22-2739,135.00,67.00
Item,22-2740,697.00,499.00
Item,22-2741,36.00,29.00
Item,22-2743,48.00,14.00
Item,22-2745,44.00,19.00
Item,22-2746,54.00,19.00
Item,22-2748,30.00,12.00
Item,22-2754,85.00,49.00
Item,22-2755,46.00,19.00
Item,22-2756,12.00,4.00
Item,22-2760,22.00,18.00
Item,22-2761,49.00,29.00
Item,22-2766,31.00,24.00
Item,22-2769,98.00,68.00
Item,22-2778,345.00,138.00
Item,22-2779,65.00,20.00
Item,22-2780,130.00,46.00
Item,22-2781,85.00,29.00
Item,22-2783,130.00,46.00
Item,22-2784,120.00,42.00
Item,22-2787,15.00,5.00
Item,22-2795,55.00,17.00
Item,22-2796,65.00,20.00
Item,22-2797,75.00,23.00
Item,22-2806,180.00,90.00
Item,22-2807,32.00,19.00
Item,22-2808,32.00,20.00
Item,22-2809,32.00,15.00
Item,22-2810,32.00,18.00
Item,22-2812,36.00,22.00
Item,22-2813,36.00,19.00
Item,22-2814,36.00,19.00
Item,22-2816,41.00,21.00
Item,22-2817,41.00,22.00
Item,22-2818,41.00,21.00
Item,22-2821,52.00,46.00
Item,22-2823,120.00,42.00
Item,22-2824,95.00,38.00
Item,22-2826,88.00,40.00
Item,22-2827,148.00,59.00
Item,22-2828,145.00,79.00
Item,22-2830,240.00,84.00
Item,22-2837,65.00,26.00
Item,22-2838,95.00,29.00
Item,22-2840,79.00,55.00
Item,22-2841,"2,485.00","1,217.00"
Item,22-2845,445.00,199.00
Item,22-2859,130.00,75.00
Item,22-2860,150.00,91.00
Item,22-2861,165.00,115.00
Item,22-2863,35.00,21.00
Item,22-2866,40.00,23.00
Item,22-2867,40.00,24.00
Item,22-2870,46.00,24.00
Item,22-2871,46.00,25.00
Item,22-2873,46.00,23.00
Item,22-2874,52.00,26.00
Item,22-2875,52.00,27.00
Item,22-2881,22.00,9.00
Item,22-2883,18.00,9.00
Item,22-2884,18.00,12.00
Item,22-2885,18.00,9.00
Item,22-2888,34.00,15.00
Item,22-2889,52.00,42.00
Item,22-2891,76.00,59.00
Item,22-2892,76.00,59.00
Item,22-2895,48.00,28.00
Item,22-2900,48.00,26.00
Item,22-2907,32.00,17.00
Item,22-2910,39.00,19.00
Item,22-2911,39.00,19.00
Item,22-2914,42.00,21.00
Item,22-2915,42.00,21.00
Item,22-2918,68.00,32.00
Item,22-2919,118.00,59.00
Item,22-2921,98.00,19.00
Item,22-2925,125.00,62.00
Item,22-2926,125.00,56.00
Item,22-2929,17.00,9.00
Item,22-2933,58.00,32.00
Item,22-2938,60.00,27.00
Item,22-2939,149.00,44.00
Item,22-2940,159.00,48.00
Item,22-2942,200.00,145.00
Item,22-2943,200.00,145.00
Item,22-2944,200.00,145.00
Item,22-2945,205.00,145.00
Item,22-2946,70.00,25.00
Item,22-2947,60.00,25.00
Item,22-2948,180.00,63.00
Item,22-2950,50.00,20.00
Item,22-2952,23.00,11.00
Item,22-2953,25.00,12.00
Item,22-2955,16.00,8.00
Item,22-2956,185.00,75.00
Item,22-2957,185.00,75.00
Item,22-2958,185.00,75.00
Item,22-2960,68.00,27.00
Item,22-2961,68.00,27.00
Item,22-2962,68.00,27.00
Item,22-2963,68.00,27.00
Item,22-2965,24.00,12.00
Item,22-2967,49.00,19.00
Item,22-2968,68.00,29.00
Item,22-2970,188.00,149.00
Item,22-2973,23.00,11.00
Item,22-2975,48.00,22.00
Item,22-2976,48.00,22.00
Item,22-2977,48.00,22.00
Item,22-2981,"1,480.00",499.00
Item,22-2982,76.00,27.00
Item,22-2985,92.00,37.00
Item,22-2988,108.00,38.00
Item,22-2991,124.00,43.00
Item,22-2995,850.00,295.00
Item,22-3000,128.00,99.00
Item,22-3002,175.00,140.00
Item,22-3007,24.00,11.00
Item,22-3009,29.00,14.00
Item,22-3010,95.00,24.00
Item,22-3011,17.00,9.00
Item,22-3012,6.00,4.00
Item,22-3013,6.00,4.00
Item,22-3014,6.00,2.00
Item,22-3016,98.00,68.00
Item,22-3017,98.00,68.00
Item,22-3018,236.00,195.00
Item,22-3023,79.00,39.00
Item,22-3024,58.00,29.00
Item,22-3026,12.00,6.00
Item,22-3027,12.00,5.00
Item,22-3029,12.00,5.00
Item,22-3030,16.00,7.00
Item,22-3031,19.00,15.00
Item,22-3033,265.00,119.00
Item,22-3036,78.00,49.00
Item,22-3037,98.00,44.00
Item,22-3038,117.00,99.00
Item,22-3045,85.00,48.00
Item,22-3046,115.00,68.00
Item,22-3047,78.00,45.00
Item,22-3048,98.00,58.00
Item,22-3049,59.00,39.00
Item,22-3051,65.00,22.00
Item,22-3055,80.00,40.00
Item,22-3062,39.00,18.00
Item,22-3063,45.00,20.00
Item,22-3064,34.00,21.00
Item,22-3065,39.00,22.00
Item,22-3066,45.00,24.00
Item,22-3069,45.00,19.00
Item,22-307,510.00,107.00
Item,22-3073,98.00,41.00
Item,22-3074,118.00,49.00
Item,22-3075,148.00,68.00
Item,22-3078,18.00,6.00
Item,22-3083,268.00,229.00
Item,22-3084,293.00,225.00
Item,22-3088,33.00,19.00
Item,22-3089,39.00,21.00
Item,22-3090,44.00,24.00
Item,22-3091,50.00,26.00
Item,22-3094,44.00,20.00
Item,22-3095,50.00,22.00
Item,22-3096,33.00,19.00
Item,22-3097,39.00,22.00
Item,22-3098,44.00,24.00
Item,22-3099,50.00,26.00
Item,22-3100,33.00,19.00
Item,22-3101,39.00,22.00
Item,22-3102,44.00,25.00
Item,22-3103,50.00,26.00
Item,22-3107,50.00,22.00
Item,22-3110,24.00,11.00
Item,22-3119,6.00,4.00
Item,22-3126,8.00,4.00
Item,22-3128,195.00,156.00
Item,22-3139,225.00,157.00
Item,22-3140,385.00,199.00
Item,22-3143,34.00,29.00
Item,22-3144,34.00,29.00
Item,22-3147,46.00,39.00
Item,22-3148,46.00,39.00
Item,22-3149,34.00,29.00
Item,22-3150,34.00,29.00
Item,22-3151,40.00,34.00
Item,22-3152,40.00,34.00
Item,22-3155,54.00,46.00
Item,22-3156,54.00,46.00
Item,22-3163,98.00,34.00
Item,22-3165,38.00,26.00
Item,22-3166,"1,284.00","1,155.00"
Item,22-3169,38.00,23.00
Item,22-3170,45.00,20.00
Item,22-3171,24.00,19.00
Item,22-3175,295.00,149.00
Item,22-3177,191.00,79.00
Item,22-3178,11.00,4.00
Item,22-3180,18.00,9.00
Item,22-3181,24.00,11.00
Item,22-3182,199.00,79.00
Item,22-3183,112.00,49.00
Item,22-3184,395.00,299.00
Item,22-3185,395.00,299.00
Item,22-3186,35.00,22.00
Item,22-3187,35.00,21.00
Item,22-3188,40.00,25.00
Item,22-3189,40.00,24.00
Item,22-3190,46.00,26.00
Item,22-3191,46.00,26.00
Item,22-3192,52.00,29.00
Item,22-3193,52.00,29.00
Item,22-3196,39.00,19.00
Item,22-3197,39.00,19.00
Item,22-3198,42.00,26.00
Item,22-3199,42.00,26.00
Item,22-3203,34.00,29.00
Item,22-3210,16.00,7.00
Item,22-3211,14.00,7.00
Item,22-3212,335.00,199.00
Item,22-3213,166.00,129.00
Item,22-3219,42.00,21.00
Item,22-322,45.00,10.00
Item,22-3220,46.00,32.00
Item,22-3227,55.00,29.00
Item,22-3228,55.00,29.00
Item,22-3229,50.00,27.00
Item,22-3230,50.00,27.00
Item,22-3231,46.00,25.00
Item,22-3232,46.00,25.00
Item,22-3238,68.00,39.00
Item,22-3239,68.00,39.00
Item,22-3240,68.00,39.00
Item,22-3241,68.00,39.00
Item,22-3242,98.00,58.00
Item,22-3243,98.00,58.00
Item,22-3244,98.00,58.00
Item,22-3245,128.00,74.00
Item,22-3246,128.00,74.00
Item,22-3247,128.00,74.00
Item,22-3248,130.00,75.00
Item,22-3249,150.00,91.00
Item,22-3250,165.00,115.00
Item,22-3251,130.00,75.00
Item,22-3252,150.00,91.00
Item,22-3253,165.00,115.00
Item,22-3254,130.00,75.00
Item,22-3255,150.00,91.00
Item,22-3256,165.00,115.00
Item,22-3257,185.00,115.00
Item,22-3258,185.00,115.00
Item,22-3259,185.00,115.00
Item,22-3260,148.00,49.00
Item,22-3261,245.00,165.00
Item,22-3263,275.00,135.00
Item,22-3264,145.00,51.00
Item,22-3265,115.00,51.00
Item,22-3266,52.00,19.00
Item,22-3274,59.00,29.00
Item,22-3278,118.00,41.00
Item,22-3283,10.00,4.00
Item,22-3284,45.00,22.00
Item,22-3285,4.00,1.00
Item,22-3291,19.00,6.00
Item,22-3294,175.00,79.00
Item,22-3295,6.00,1.00
Item,22-3298,275.00,96.00
Item,22-3299,145.00,50.00
Item,22-3300,115.00,40.00
Item,22-3309,22.00,15.00
Item,22-3311,48.00,19.00
Item,22-3318,75.00,53.00
Item,22-3320,195.00,68.00
Item,22-3321,195.00,68.00
Item,22-3323,48.00,19.00
Item,22-3324,48.00,19.00
Item,22-3326,48.00,19.00
Item,22-3327,48.00,19.00
Item,22-3328,48.00,19.00
Item,22-3329,48.00,19.00
Item,22-3330,48.00,19.00
Item,22-3331,48.00,19.00
Item,22-3332,48.00,19.00
Item,22-3335,285.00,129.00
Item,22-3339,48.00,19.00
Item,22-3340,85.00,35.00
Item,22-3341,260.00,91.00
Item,22-3342,24.00,11.00
Item,22-3343,24.00,17.00
Item,22-3344,24.00,17.00
Item,22-3345,27.00,19.00
Item,22-3346,27.00,19.00
Item,22-3347,29.00,20.00
Item,22-3348,29.00,20.00
Item,22-3349,32.00,22.00
Item,22-3350,32.00,22.00
Item,22-3351,24.00,12.00
Item,22-3353,100.00,50.00
Item,22-3354,85.00,39.00
Item,22-3355,123.00,75.00
Item,22-3357,46.00,39.00
Item,22-3358,46.00,39.00
Item,22-3359,46.00,39.00
Item,22-3364,29.00,14.00
Item,22-3373,390.00,156.00
Item,22-3374,311.00,145.00
Item,22-3375,356.00,145.00
Item,22-3376,24.00,10.00
Item,22-3378,18.00,6.00
Item,22-3379,18.00,6.00
Item,22-3380,18.00,6.00
Item,22-3381,18.00,6.00
Item,22-3382,20.00,8.00
Item,22-3383,20.00,8.00
Item,22-3384,20.00,8.00
Item,22-3385,20.00,8.00
Item,22-3387,155.00,99.00
Item,22-3391,39.00,25.00
Item,22-3392,135.00,47.00
Item,22-3397,23.00,17.00
Item,22-3399,9.00,4.00
Item,22-3402,12.00,10.00
Item,22-3407,95.00,59.00
Item,22-3409,85.00,29.00
Item,22-3412,58.00,25.00
Item,22-3413,58.00,25.00
Item,22-3414,10.00,3.00
Item,22-3415,166.00,129.00
Item,22-3416,166.00,79.00
Item,22-3417,166.00,79.00
Item,22-3420,69.00,32.00
Item,22-3421,28.00,20.00
Item,22-3422,29.00,10.00
Item,22-3425,48.00,13.00
Item,22-3427,48.00,13.00
Item,22-3428,75.00,44.00
Item,22-3430,88.00,22.00
Item,22-3432,88.00,22.00
Item,22-3434,88.00,22.00
Item,22-3435,31.00,21.00
Item,22-3438,39.00,24.00
Item,22-3439,39.00,24.00
Item,22-3444,668.00,299.00
Item,22-3448,245.00,147.00
Item,22-3449,165.00,99.00
Item,22-3450,215.00,150.00
Item,22-3452,225.00,135.00
Item,22-3453,299.00,199.00
Item,22-3454,299.00,199.00
Item,22-3455,5.00,2.00
Item,22-3456,5.00,2.00
Item,22-3457,115.00,49.00
Item,22-3458,149.00,99.00
Item,22-3460,18.00,10.00
Item,22-3461,38.00,9.00
Item,22-3462,38.00,9.00
Item,22-3463,38.00,9.00
Item,22-3464,14.00,5.00
Item,22-3465,14.00,5.00
Item,22-3466,14.00,5.00
Item,22-3467,98.00,39.00
Item,22-3468,118.00,39.00
Item,22-3469,135.00,47.00
Item,22-3470,135.00,54.00
Item,22-3472,165.00,61.00
Item,22-3474,68.00,54.00
Item,22-3480,195.00,156.00
Item,22-3485,43.00,12.00
Item,22-3493,268.00,195.00
Item,22-3494,293.00,225.00
Item,22-3497,14.00,5.00
Item,22-3498,48.00,16.00
Item,22-3500,32.00,21.00
Item,22-3501,36.00,22.00
Item,22-3502,41.00,24.00
Item,22-3503,32.00,21.00
Item,22-3504,36.00,22.00
Item,22-3505,41.00,24.00
Item,22-3506,96.00,49.00
Item,22-3509,99.00,59.00
Item,22-3511,36.00,19.00
Item,22-3512,44.00,24.00
Item,22-3513,52.00,26.00
Item,22-3514,60.00,30.00
Item,22-3515,19.00,8.00
Item,22-3516,19.00,8.00
Item,22-3517,34.00,21.00
Item,22-3518,39.00,24.00
Item,22-3519,45.00,27.00
Item,22-3520,34.00,21.00
Item,22-3521,39.00,24.00
Item,22-3522,45.00,27.00
Item,22-3524,45.00,15.00
Item,22-3525,55.00,19.00
Item,22-3526,65.00,22.00
Item,22-3527,94.00,47.00
Item,22-3528,155.00,108.00
Item,22-3529,225.00,115.00
Item,22-3530,19.00,9.00
Item,22-3531,19.00,9.00
Item,22-3532,19.00,9.00
Item,22-3533,20.00,9.00
Item,22-3534,20.00,9.00
Item,22-3535,245.00,99.00
Item,22-3536,245.00,99.00
Item,22-3538,78.00,28.00
Item,22-3539,39.00,29.00
Item,22-3540,293.00,129.00
Item,22-3541,293.00,129.00
Item,22-3548,75.00,29.00
Item,22-3550,585.00,285.00
Item,22-3551,58.00,29.00
Item,22-3552,29.00,6.00
Item,22-3553,33.00,8.00
Item,22-3554,37.00,10.00
Item,22-3561,42.00,29.00
Item,22-3562,47.00,32.00
Item,22-3565,49.00,39.00
Item,22-3566,90.00,69.00
Item,22-3575,75.00,29.00
Item,22-3576,28.00,13.00
Item,22-3578,22.00,8.00
Item,22-3579,96.00,44.00
Item,22-3580,48.00,18.00
Item,22-3581,12.00,4.00
Item,22-3582,34.00,14.00
Item,22-3584,38.00,12.00
Item,22-3585,38.00,12.00
Item,22-3586,38.00,12.00
Item,22-3587,79.00,44.00
Item,22-3588,28.00,19.00
Item,22-3589,98.00,49.00
Item,22-3595,26.00,14.00
Item,22-3596,29.00,16.00
Item,22-3597,32.00,18.00
Item,22-3598,"1,350.00",928.00
Item,22-3602,164.00,99.00
Item,22-3603,59.00,48.00
Item,22-3608,148.00,58.00
Item,22-3615,345.00,199.00
Item,22-3616,117.00,79.00
Item,22-3618,85.00,69.00
Item,22-3619,127.00,69.00
Item,22-3620,127.00,69.00
Item,22-3626,24.00,10.00
Item,22-3627,24.00,10.00
Item,22-3629,58.00,25.00
Item,22-3630,58.00,25.00
Item,22-3631,122.00,49.00
Item,22-3632,122.00,49.00
Item,22-3633,159.00,127.00
Item,22-3634,79.00,44.00
Item,22-3635,126.00,40.00
Item,22-3637,64.00,19.00
Item,22-3638,64.00,22.00
Item,22-3640,35.00,25.00
Item,22-3641,10.00,4.00
Item,22-3642,18.00,13.00
Item,22-3643,8.00,4.00
Item,22-3645,14.00,4.00
Item,22-3646,18.00,4.00
Item,22-3648,788.00,499.00
Item,22-3651,685.00,299.00
Item,22-3652,478.00,199.00
Item,22-3654,395.00,245.00
Item,22-3655,48.00,24.00
Item,22-3656,28.00,9.00
Item,22-3658,68.00,22.00
Item,22-3660,288.00,169.00
Item,22-3661,384.00,249.00
Item,22-3668,46.00,18.00
Item,22-3669,48.00,19.00
Item,22-3670,46.00,18.00
Item,22-3671,48.00,19.00
Item,22-3672,195.00,79.00
Item,22-3673,195.00,79.00
Item,22-3674,64.00,19.00
Item,22-3675,64.00,19.00
Item,22-3689,96.00,59.00
Item,22-3693,138.00,59.00
Item,22-3697,22.00,11.00
Item,22-3698,22.00,11.00
Item,22-3699,22.00,11.00
Item,22-3700,22.00,11.00
Item,22-3701,24.00,13.00
Item,22-3702,24.00,13.00
Item,22-3703,24.00,13.00
Item,22-3704,24.00,13.00
Item,22-3709,64.00,20.00
Item,22-3710,72.00,22.00
Item,22-3711,81.00,24.00
Item,22-3715,378.00,169.00
Item,22-3716,378.00,169.00
Item,22-3717,196.00,99.00
Item,22-3718,94.00,59.00
Item,22-3721,53.00,20.00
Item,22-3723,84.00,38.00
Item,22-3728,39.00,13.00
Item,22-3729,39.00,14.00
Item,22-3732,128.00,53.00
Item,22-3733,68.00,25.00
Item,22-3734,95.00,45.00
Item,22-3735,375.00,263.00
Item,22-3736,295.00,179.00
Item,22-3738,18.00,5.00
Item,22-3741,395.00,207.00
Item,22-3742,745.00,445.00
Item,22-3743,225.00,99.00
Item,22-3744,292.00,129.00
Item,22-3749,46.00,22.00
Item,22-3750,52.00,24.00
Item,22-3751,58.00,27.00
Item,22-3752,46.00,20.00
Item,22-3753,52.00,21.00
Item,22-3754,58.00,24.00
Item,22-3755,46.00,22.00
Item,22-3756,52.00,24.00
Item,22-3757,58.00,27.00
Item,22-3760,58.00,27.00
Item,22-3762,52.00,24.00
Item,22-3763,58.00,27.00
Item,22-3766,58.00,27.00
Item,22-3776,34.00,15.00
Item,22-3778,34.00,15.00
Item,22-3779,34.00,15.00
Item,22-3785,159.00,79.00
Item,22-3786,58.00,27.00
Item,22-3787,58.00,27.00
Item,22-3789,58.00,27.00
Item,22-3790,78.00,33.00
Item,22-3791,78.00,33.00
Item,22-3792,78.00,33.00
Item,22-3793,78.00,33.00
Item,22-3794,58.00,25.00
Item,22-3800,48.00,21.00
Item,22-3802,48.00,19.00
Item,22-3803,56.00,26.00
Item,22-3805,56.00,23.00
Item,22-3806,64.00,28.00
Item,22-3807,64.00,25.00
Item,22-3808,64.00,25.00
Item,22-3809,38.00,21.00
Item,22-3810,46.00,27.00
Item,22-3811,54.00,30.00
Item,22-3812,48.00,22.00
Item,22-3814,48.00,20.00
Item,22-3815,58.00,27.00
Item,22-3816,58.00,24.00
Item,22-3817,58.00,24.00
Item,22-3818,64.00,26.00
Item,22-3819,64.00,26.00
Item,22-3821,64.00,26.00
Item,22-3822,58.00,26.00
Item,22-3823,78.00,35.00
Item,22-3830,195.00,159.00
Item,22-3831,88.00,29.00
Item,22-3832,88.00,29.00
Item,22-3833,88.00,29.00
Item,22-3834,88.00,29.00
Item,22-3836,128.00,59.00
Item,22-3837,128.00,59.00
Item,22-3838,79.00,55.00
Item,22-3840,44.00,16.00
Item,22-3849,268.00,214.00
Item,22-3850,127.00,46.00
Item,22-3851,138.00,50.00
Item,22-3854,385.00,147.00
Item,22-3856,645.00,245.00
Item,22-3857,128.00,49.00
Item,22-3858,128.00,49.00
Item,22-3859,128.00,49.00
Item,22-3860,118.00,36.00
Item,22-3861,118.00,36.00
Item,22-3862,118.00,36.00
Item,22-3866,"9,950.00","6,965.00"
Item,22-3870,42.00,25.00
Item,22-3878,68.00,24.00
Item,22-3882,96.00,51.00
Item,22-3883,293.00,99.00
Item,22-3888,58.00,21.00
Item,22-3898,39.00,11.00
Item,22-3899,36.00,11.00
Item,22-3900,146.00,74.00
Item,22-3901,146.00,74.00
Item,22-3907,79.00,39.00
Item,22-3911,385.00,249.00
Item,22-3912,38.00,27.00
Item,22-3914,140.00,49.00
Item,22-3917,138.00,58.00
Item,22-3928,126.00,69.00
Item,22-3929,63.00,39.00
Item,22-3943,48.00,41.00
Item,22-3947,24.00,13.00
Item,22-3949,39.00,28.00
Item,22-3954,76.00,39.00
Item,22-3955,76.00,39.00
Item,22-3962,28.00,16.00
Item,22-3971,24.00,12.00
Item,22-3972,395.00,316.00
Item,22-3973,485.00,388.00
Item,22-3994,95.00,76.00
Item,22-3995,115.00,92.00
Item,22-4014,22.00,16.00
Item,22-4015,20.00,14.00
Item,22-4016,18.00,12.00
Item,22-4017,22.00,14.00
Item,22-4018,20.00,12.00
Item,22-4019,18.00,10.00
Item,22-4020,88.00,59.00
Item,22-4021,24.00,15.00
Item,22-4022,20.00,16.00
Item,22-4023,11.00,7.00
Item,22-4024,9.00,3.00
Item,22-4027,26.00,15.00
Item,22-4028,26.00,15.00
Item,22-4029,29.00,10.00
Item,22-4032,19.00,14.00
Item,22-4036,58.00,42.00
Item,22-4040,48.00,38.00
Item,22-4041,16.00,10.00
Item,22-4042,28.00,22.00
Item,22-4043,84.00,60.00
Item,22-4048,167.00,94.00
Item,22-4055,10.00,6.00
Item,22-4057,10.00,6.00
Item,22-4062,10.00,8.00
Item,22-4102,148.00,118.00
Item,22-4110,52.00,25.00
Item,22-4111,52.00,27.00
Item,22-4112,58.00,32.00
Item,22-4115,398.00,199.00
Item,22-4117,162.00,119.00
Item,22-4121,22.00,12.00
Item,22-4131,44.00,25.00
Item,22-4135,44.00,35.00
Item,22-4136,108.00,69.00
Item,22-4141,108.00,69.00
Item,22-4149,46.00,39.00
Item,22-4175,"2,492.00","1,999.00"
Item,22-4179,58.00,46.00
Item,22-4185,295.00,195.00
Item,22-4191,296.00,199.00
Item,22-4192,248.00,148.00
Item,22-4196,28.00,18.00
Item,22-4197,49.00,35.00
Item,22-4202,29.00,23.00
Item,22-4206,267.00,149.00
Item,22-4211,124.00,79.00
Item,22-4212,132.00,99.00
Item,22-4215,195.00,129.00
Item,22-4219,37.00,24.00
Item,22-4223,138.00,99.00
Item,22-4226,145.00,104.00
Item,22-4246,95.00,68.00
Item,22-4247,110.00,79.00
Item,22-4253,18.00,10.00
Item,22-4259,9.00,6.00
Item,22-4271,52.00,33.00
Item,22-4272,48.00,24.00
Item,22-4278,22.00,16.00
Item,22-4281,69.00,50.00
Item,22-4283,325.00,199.00
Item,22-4285,56.00,31.00
Item,22-4289,19.00,15.00
Item,22-4290,86.00,69.00
Item,22-4291,122.00,78.00
Item,22-4292,7.00,5.00
Item,22-4293,26.00,17.00
Item,22-4294,14.00,11.00
Item,22-4307,148.00,118.00
Item,22-4311,96.00,69.00
Item,22-4313,464.00,199.00
Item,22-4316,236.00,132.00
Item,22-4333,685.00,399.00
Item,22-4354,728.00,449.00
Item,22-4378,9.00,6.00
Item,22-4385,30.00,22.00
Item,22-4422,335.00,199.00
Item,22-4423,365.00,299.00
Item,22-4429,230.00,184.00
Item,22-4430,230.00,184.00
Item,22-472,317.00,67.00
Item,22-634,12.00,3.00
Item,22-675,5.00,2.00
Item,22-776,42.00,9.00
Item,22-777,37.00,11.00
Item,2-28,10.00,5.00
Item,22-873,165.00,34.00
Item,22-888,75.00,16.00
Item,22-895,170.00,41.00
Item,22-899,107.00,22.00
Item,22-927,112.00,39.00
Item,22-929,35.00,8.00
Item,22-931,8.00,2.00
Item,22-935,27.00,6.00
Item,22-951,110.00,23.00
Item,22-970,195.00,68.00
Item,22-979,45.00,10.00
Item,22-981,115.00,24.00
Item,22-982,162.00,49.00
Item,22-997,87.00,18.00
Item,2-37,10.00,6.00
Item,2-38,8.00,2.00
Item,2-39,8.00,4.00
Item,2-40,15.00,5.00
Item,2-41,24.00,9.00
Item,2-42,32.00,18.00
Item,24-393,950.00,799.00
Item,24-394,950.00,778.00
Item,24-395,145.00,99.00
Item,2-46,33.00,11.00
Item,2-49,58.00,48.00
Item,25-48,7.00,1.00
Item,25-52,4.00,1.00
Item,25-53,4.00,1.00
Item,25-54,9.00,3.00
Item,25-55,9.00,3.00
Item,26-1002,"1,815.00",381.00
Item,26-1009,510.00,459.00
Item,26-1030,495.00,299.00
Item,26-1068,"5,497.00","3,958.00"
Item,26-1100,100.00,35.00
Item,26-1168,925.00,716.00
Item,26-1224,350.00,295.00
Item,26-1401,"2,995.00","2,695.00"
Item,26-1402,"2,995.00","2,156.00"
Item,26-1404,"9,800.00","7,495.00"
Item,26-1491,995.00,697.00
Item,26-1648,"1,195.00",669.00
Item,26-216,355.00,74.00
Item,26-313,217.00,46.00
Item,26-43,562.00,118.00
Item,26-45,485.00,102.00
Item,26-478,355.00,74.00
Item,26-618,412.00,86.00
Item,26-738,"1,092.00",995.00
Item,26-819,345.00,310.00
Item,2-8,16.00,12.00
Item,2-9,24.00,12.00
Item,3-38,30.00,9.00
Item,3-39,55.00,17.00
Item,3-40,56.00,17.00
Item,3-41,10.00,2.00
Item,4-240,165.00,34.00
Item,4-262,182.00,55.00
Item,4-263,375.00,149.00
Item,4-265,150.00,36.00
Item,4-319,130.00,39.00
Item,4-398,15.00,4.00
Item,4-419,20.00,4.00
Item,4-420,35.00,8.00
Item,4-421,40.00,8.00
Item,4-422,255.00,125.00
Item,4-427,17.00,4.00
Item,4-432,862.00,181.00
Item,4-433,35.00,11.00
Item,4-434,197.00,41.00
Item,4-435,182.00,38.00
Item,4-436,66.00,14.00
Item,4-437,112.00,24.00
Item,4-438,77.00,16.00
Item,4-439,192.00,57.00
Item,4-440,160.00,34.00
Item,4-441,127.00,27.00
Item,4-442,80.00,17.00
Item,4-443,55.00,15.00
Item,4-449,30.00,6.00
Item,4-456,49.00,15.00
Item,4-459,57.00,17.00
Item,4-46,9.00,2.00
Item,4-463,20.00,6.00
Item,4-464,67.00,20.00
Item,4-465,87.00,18.00
Item,4-467,45.00,10.00
Item,4-470,37.00,11.00
Item,4-473,32.00,7.00
Item,4-477,11.00,3.00
Item,4-478,72.00,15.00
Item,4-479,82.00,20.00
Item,4-480,40.00,8.00
Item,4-481,77.00,16.00
Item,4-482,90.00,19.00
Item,4-483,125.00,26.00
Item,4-484,72.00,15.00
Item,4-485,37.00,11.00
Item,4-486,42.00,9.00
Item,4-488,47.00,10.00
Item,4-489,35.00,10.00
Item,4-492,127.00,27.00
Item,4-495,54.00,16.00
Item,4-497,162.00,38.00
Item,4-498,57.00,12.00
Item,4-499,35.00,12.00
Item,4-503,21.00,4.00
Item,4-506,15.00,4.00
Item,4-507,18.00,5.00
Item,4-509,270.00,81.00
Item,4-511,273.00,82.00
Item,4-512,288.00,86.00
Item,4-513,582.00,139.00
Item,4-520,"1,250.00",499.00
Item,4-522,"1,185.00",533.00
Item,4-523,95.00,59.00
Item,4-524,95.00,49.00
Item,4-525,95.00,29.00
Item,4-526,95.00,29.00
Item,4-529,235.00,199.00
Item,4-530,495.00,396.00
Item,4-64,70.00,15.00
Item,4-67,7.00,1.00
Item,5-46,102.00,22.00
Item,5-49,140.00,42.00
Item,5-50,55.00,15.00
Item,5-51,45.00,14.00
Item,5-52,102.00,31.00
Item,5-54,112.00,34.00
Item,5-55,25.00,6.00
Item,5-56,197.00,59.00
Item,5-59,300.00,90.00
Item,6-11,381.00,324.00
Item,6-12,273.00,232.00
Item,6-14,385.00,295.00
Item,6-17,32.00,28.00
Item,6-18,58.00,48.00
Item,6-22,35.00,22.00
Item,6-23,168.00,106.00
Item,6-25,119.00,69.00
Item,6-26,90.00,36.00
Item,6-28,185.00,117.00
Item,6-29,145.00,119.00
Item,6-33,"1,095.00",329.00
Item,6-34,204.00,61.00
Item,6-37,84.00,69.00
Item,6-380,265.00,80.00
Item,6-4,84.00,71.00
Item,6-48,295.00,235.00
Item,6-49,190.00,125.00
Item,6-6,115.00,98.00
Item,7-1001,27.00,6.00
Item,7-1007,44.00,13.00
Item,7-1009,45.00,14.00
Item,7-1014,365.00,129.00
Item,7-1016,15.00,4.00
Item,7-1023,22.00,7.00
Item,7-1030,107.00,32.00
Item,7-1031,150.00,75.00
Item,7-1034,57.00,12.00
Item,7-1035,40.00,12.00
Item,7-1036,35.00,8.00
Item,7-1041,25.00,6.00
Item,7-1044,40.00,8.00
Item,7-1045,42.00,13.00
Item,7-1046,42.00,13.00
Item,7-1047,40.00,8.00
Item,7-1049,15.00,4.00
Item,7-1052,395.00,119.00
Item,7-1053,57.00,17.00
Item,7-1054,5.00,2.00
Item,7-1055,45.00,14.00
Item,7-1056,25.00,6.00
Item,7-1057,20.00,4.00
Item,7-1068,22.00,8.00
Item,7-1069,95.00,37.00
Item,7-1073,"1,142.00",239.00
Item,7-1074,25.00,8.00
Item,7-1077,114.00,27.00
Item,7-1079,17.00,4.00
Item,7-1080,22.00,5.00
Item,7-1081,15.00,5.00
Item,7-1082,17.00,5.00
Item,7-1083,15.00,5.00
Item,7-1084,20.00,4.00
Item,7-1085,20.00,4.00
Item,7-1095,40.00,11.00
Item,7-1099,10.00,2.00
Item,7-1102,10.00,2.00
Item,7-1106,17.00,4.00
Item,7-1107,47.00,10.00
Item,7-1111,27.00,6.00
Item,7-1115,77.00,23.00
Item,7-1118,12.00,3.00
Item,7-1122,47.00,14.00
Item,7-1123,20.00,4.00
Item,7-1124,227.00,68.00
Item,7-1126,22.00,7.00
Item,7-1131,9.00,3.00
Item,7-1133,12.00,3.00
Item,7-1134,12.00,3.00
Item,7-1140,25.00,6.00
Item,7-1141,12.00,4.00
Item,7-1142,37.00,8.00
Item,7-1147,27.00,8.00
Item,7-1151,32.00,7.00
Item,7-1154,28.00,8.00
Item,7-1155,30.00,9.00
Item,7-1156,195.00,99.00
Item,7-1162,15.00,4.00
Item,7-1165,25.00,6.00
Item,7-1166,17.00,4.00
Item,7-1175,22.00,7.00
Item,7-1176,40.00,14.00
Item,7-1179,82.00,18.00
Item,7-1180,25.00,8.00
Item,7-1181,37.00,11.00
Item,7-1187,115.00,24.00
Item,7-1188,72.00,15.00
Item,7-1193,16.00,4.00
Item,7-1194,348.00,104.00
Item,7-1195,156.00,119.00
Item,7-1197,42.00,13.00
Item,7-1201,15.00,5.00
Item,7-1208,42.00,13.00
Item,7-1209,39.00,12.00
Item,7-1211,240.00,72.00
Item,7-1212,20.00,6.00
Item,7-1216,17.00,4.00
Item,7-1217,18.00,4.00
Item,7-1218,15.00,4.00
Item,7-1222,52.00,11.00
Item,7-1223,22.00,5.00
Item,7-1224,40.00,11.00
Item,7-1226,20.00,4.00
Item,7-1227,15.00,4.00
Item,7-1228,55.00,17.00
Item,7-1229,57.00,17.00
Item,7-1234,35.00,11.00
Item,7-1236,40.00,12.00
Item,7-1237,95.00,76.00
Item,7-1238,28.00,8.00
Item,7-1239,155.00,79.00
Item,7-1243,24.00,7.00
Item,7-1247,55.00,12.00
Item,7-1248,575.00,173.00
Item,7-1250,125.00,50.00
Item,7-1253,65.00,20.00
Item,7-1254,105.00,42.00
Item,7-1257,140.00,42.00
Item,7-1260,114.00,24.00
Item,7-1269,114.00,24.00
Item,7-1270,114.00,24.00
Item,7-1285,95.00,85.00
Item,7-1293,186.00,56.00
Item,7-1294,105.00,84.00
Item,7-1295,99.00,79.00
Item,7-1297,306.00,91.00
Item,7-1298,267.00,80.00
Item,7-1299,135.00,28.00
Item,7-1305,72.00,64.00
Item,7-1306,36.00,11.00
Item,7-1307,63.00,56.00
Item,7-1308,85.00,76.00
Item,7-1309,29.00,9.00
Item,7-1310,36.00,13.00
Item,7-1311,30.00,24.00
Item,7-1316,135.00,36.00
Item,7-1317,32.00,10.00
Item,7-1318,22.00,7.00
Item,7-1320,150.00,32.00
Item,7-1321,153.00,32.00
Item,7-1334,730.00,219.00
Item,7-1337,230.00,69.00
Item,7-1340,360.00,108.00
Item,7-1344,199.00,99.00
Item,7-1345,52.00,39.00
Item,7-1346,98.00,49.00
Item,7-1347,30.00,9.00
Item,7-1348,10.00,5.00
Item,7-1349,245.00,85.00
Item,7-1351,248.00,223.00
Item,7-1352,85.00,76.00
Item,7-1358,234.00,93.00
Item,7-1363,58.00,17.00
Item,7-1365,58.00,17.00
Item,7-1370,48.00,43.00
Item,7-1371,48.00,43.00
Item,7-1374,38.00,13.00
Item,7-1376,149.00,119.00
Item,7-1377,790.00,276.00
Item,7-1378,815.00,407.00
Item,7-1379,750.00,284.00
Item,7-1380,"1,205.00",499.00
Item,7-1381,"1,270.00",499.00
Item,7-1382,"1,270.00",508.00
Item,7-1383,"1,270.00",445.00
Item,7-1386,425.00,159.00
Item,7-1387,420.00,210.00
Item,7-1388,420.00,179.00
Item,7-1401,205.00,102.00
Item,7-1402,325.00,149.00
Item,7-1403,595.00,238.00
Item,7-1404,595.00,238.00
Item,7-1405,"1,300.00",455.00
Item,7-1408,840.00,378.00
Item,7-1416,115.00,51.00
Item,7-1417,160.00,72.00
Item,7-1418,840.00,420.00
Item,7-1424,95.00,76.00
Item,7-1427,132.00,69.00
Item,7-1433,395.00,355.00
Item,7-1436,170.00,85.00
Item,7-1439,270.00,135.00
Item,7-1440,795.00,278.00
Item,7-1441,140.00,70.00
Item,7-1442,145.00,65.00
Item,7-1443,145.00,65.00
Item,7-1455,148.00,54.00
Item,7-1456,148.00,59.00
Item,7-1468,38.00,24.00
Item,7-1469,145.00,65.00
Item,7-1470,85.00,49.00
Item,7-1471,145.00,69.00
Item,7-1472,125.00,87.00
Item,7-1473,135.00,97.00
Item,7-1474,135.00,97.00
Item,7-1475,38.00,29.00
Item,7-1477,95.00,38.00
Item,7-1479,75.00,52.00
Item,7-1480,950.00,399.00
Item,7-1481,48.00,14.00
Item,7-1482,56.00,25.00
Item,7-1484,227.00,125.00
Item,7-1485,227.00,125.00
Item,7-1487,227.00,125.00
Item,7-1488,227.00,125.00
Item,7-1489,227.00,125.00
Item,7-1490,227.00,125.00
Item,7-1492,227.00,125.00
Item,7-1493,227.00,125.00
Item,7-1494,227.00,125.00
Item,7-1495,227.00,125.00
Item,7-1497,38.00,30.00
Item,7-1499,38.00,30.00
Item,7-1503,49.00,34.00
Item,7-1507,115.00,69.00
Item,7-1508,365.00,129.00
Item,7-1509,365.00,147.00
Item,7-1510,365.00,129.00
Item,7-1511,58.00,25.00
Item,7-1512,186.00,72.00
Item,7-1513,186.00,72.00
Item,7-1516,172.00,60.00
Item,7-1519,172.00,60.00
Item,7-1523,68.00,36.00
Item,7-1529,445.00,400.00
Item,7-1530,155.00,52.00
Item,7-1539,155.00,99.00
Item,7-1545,58.00,37.00
Item,7-1546,55.00,40.00
Item,7-1547,45.00,36.00
Item,7-1548,47.00,38.00
Item,7-1555,84.00,65.00
Item,7-1556,136.00,87.00
Item,7-1557,49.00,17.00
Item,7-1558,136.00,98.00
Item,7-1559,247.00,138.00
Item,7-1560,34.00,19.00
Item,7-1561,68.00,24.00
Item,7-1562,227.00,125.00
Item,7-1563,227.00,125.00
Item,7-1564,227.00,125.00
Item,7-1565,227.00,125.00
Item,7-1566,227.00,125.00
Item,7-1568,227.00,125.00
Item,7-334,217.00,52.00
Item,7-358,92.00,28.00
Item,7-598,95.00,20.00
Item,7-664,145.00,30.00
Item,7-703,37.00,8.00
Item,7-827,17.00,5.00
Item,7-844,150.00,32.00
Item,7-851,55.00,20.00
Item,7-868,57.00,12.00
Item,7-937,12.00,3.00
Item,7-942,12.00,3.00
Item,7-950,42.00,13.00
Item,7-951,27.00,6.00
Item,7-952,37.00,11.00
Item,7-953,40.00,12.00
Item,7-956,29.00,9.00
Item,7-957,12.00,4.00
Item,7-982,57.00,17.00
Item,7-983,22.00,7.00
Item,7-985,37.00,11.00
Item,7-987,17.00,5.00
Item,7-993,5.00,1.00
Item,7-995,40.00,8.00
Item,7-996,47.00,11.00
Item,7-997,37.00,8.00
Item,7-998,45.00,10.00
Item,99-546,65.00,23.00
Item,99-659,15.00,4.00
Item,99-660,20.00,4.00
Item,99-661,10.00,4.00
Item,99-987,89.00,57.00
Item,ALK102,62.00,49.00
Item,AR-BSC20,115.00,88.00
Item,AR-FUR34,265.00,195.00
Item,AR-FUR46,132.00,99.00
Item,BB8118,402.00,84.00
Item,BB8248,317.00,67.00
Item,BB8252,862.00,181.00
Item,BB8254,125.00,26.00
Item,BB8260,55.00,12.00
Item,BB8278,110.00,39.00
Item,BB8279,252.00,53.00
Item,BB8280,167.00,35.00
Item,BB8371,480.00,144.00
Item,BB8374,300.00,63.00
Item,BB8390,797.00,167.00
Item,BB8391,650.00,156.00
Item,BB8392,392.00,82.00
Item,BB8449,651.00,137.00
Item,BB8452,260.00,78.00
Item,BB8453,470.00,99.00
Item,BB8454,"1,140.00",342.00
Item,BB8481,817.00,172.00
Item,BB8504,"1,353.00",406.00
Item,BB8517,"1,480.00",980.00
Item,BRS8350,"1,400.00",420.00
Item,BRS8351,485.00,146.00
Item,BRS8352,480.00,115.00
Item,BRS8440,432.00,90.00
Item,BRS8456,950.00,257.00
Item,BRS8457,"1,250.00",375.00
Item,BRS8458,"1,050.00",315.00
Item,BRS8460,112.00,24.00
Item,FXSM8541,949.00,332.00
Item,FXSM8542,299.00,118.00
Item,FXSM8543,319.00,159.00
Item,FXSM8544,319.00,152.00
Item,FXSM8545,299.00,118.00
Item,GB8434,325.00,113.00
Item,GB8509,530.00,186.00
Item,GB8510,180.00,54.00
Item,GK-FUR58,138.00,99.00
Item,GM8437,32.00,9.00
Item,GM8511,32.00,13.00
Item,GM8512,38.00,15.00
Item,GRS8386,205.00,164.00
Item,GRS8435,395.00,316.00
Item,KOB8468,"1,440.00",432.00
Item,KORS8483,"1,780.00","1,199.00"
Item,KOZ8486,227.00,48.00
Item,KOZ8487,217.00,46.00
Item,KOZ8488,197.00,41.00
Item,KOZ8489,190.00,67.00
Item,KOZ8490,190.00,40.00
Item,KOZ8491,210.00,44.00
Item,KOZ8492,227.00,48.00
Item,KOZ8493,227.00,48.00
Item,NT-NE20122,128.00,82.00
Item,RB8289,57.00,12.00
Item,RB8359,25.00,6.00
Item,RB8388,140.00,29.00
Item,RB8399,225.00,79.00
Item,RB8467,55.00,12.00
Item,RBS8339,20.00,4.00
Item,RBS8397,105.00,32.00
Item,RM8212,45.00,10.00
Item,RM8360,85.00,14.00
Item,RM8361,95.00,19.00
Item,RM8362,145.00,15.00
Item,RM8363,2.00,1.00
Item,RM8364,6.00,2.00
Item,RM8384,45.00,10.00
Item,RM8422,45.00,22.00
Item,RM8445,20.00,6.00
Item,RM8455,112.00,24.00
Item,RM8497,125.00,12.00
Item,RM8498,135.00,85.00
Item,RM8500,140.00,49.00
Item,RM8505,130.00,17.00
Item,RMC8357,20.00,4.00
Item,RMC8366,22.00,5.00
Item,RRS8295,110.00,23.00
Item,RRS8300,115.00,24.00
Item,RRS8395,99.00,30.00
Item,RRS8401,72.00,15.00
Item,RRS8406,342.00,71.00
Item,RRS8444,295.00,70.00
Item,RRS8447,227.00,61.00
Item,RRS8462,170.00,36.00
Item,RRS8469,170.00,36.00
Item,RRS8470,135.00,28.00
Item,SORS8147,465.00,369.00
Item,SORS8381,495.00,399.00
Item,SPL1150,175.00,125.00
Item,WD-FUR37,234.00,179.00
Item,WD-FUR40,184.00,149.00
Item,WD-FUR41,184.00,149.00
Item,WD-GAS47,149.00,119.00
Item,WD-OTD10,74.00,63.00
Item,WD-PWR11,585.00,386.00
Item,WD-TNT10,585.00,399.00
Item,WD-TNT14,"2,995.00","1,795.00"
Item,WD-TVL15WH,34.00,19.00
Item,WSM8521,365.00,149.00
Item,WSM8522,395.00,198.00
Item,WSM8523,225.00,99.00
Item,WSM8524,385.00,169.00
Item,WSM8525,195.00,99.00
Item,WSM8526,215.00,108.00
Item,ZB818,950.00,499.00
Item,ZB8270,"4,596.00","2,413.00"
Item,ZB8304,"5,750.00","3,019.00"
Item,ZB8305,"4,872.00","1,462.00"
Item,ZB8307,"4,025.00","1,208.00"
Item,ZB8347,"2,740.00","1,439.00"
Item,ZB8402,"4,450.00","2,336.00"
Item,ZB8403,"5,970.00","4,970.00"
Item,ZB8404,"3,910.00","2,933.00"
Item,ZB8407,"9,500.00","2,850.00"
Item,ZB8408,"6,976.00","4,999.00"
Item,ZB8409,"6,859.00","2,058.00"
Item,ZB8421,"4,200.00","1,260.00"
Item,ZB8431,"5,635.00","2,958.00"
Item,ZB8461,"8,970.00","2,691.00"
Item,ZB8507,"12,640.00","3,999.00"
Item,ZB8529,880.00,462.00
Item,ZB8530,"16,000.00","8,400.00"
Item,ZMA8446,"1,475.00",774.00
Item,ZRS8166,"4,370.00","2,294.00"
Item,ZRS8168,"4,485.00","2,355.00"
Item,ZRS8169,"3,910.00","2,053.00"
Item,ZRS8383,"4,545.00","2,386.00"
Item,ZRS8410,"5,865.00","4,899.00"
Item,ZRS8412,"2,850.00",855.00
Item,ZRS8413,"5,465.00","3,999.00"
Item,ZRS8428,"1,690.00","1,141.00"
Item,ZRS8429,"3,820.00","2,006.00"
Item,ZRS8430,"3,960.00","1,188.00"
Item,ZSP8123,50.00,18.00
Item,ZSP82,42.00,22.00
Item,ZTP8537,"2,850.00","1,496.00"